timeOnIce,assists,goals,pim,shots,games,hits,powerPlayGoals,powerPlayPoints,powerPlayTimeOnIce,evenTimeOnIce,penaltyMinutes,faceOffPct,shotPct,gameWinningGoals,overTimeGoals,shortHandedGoals,shortHandedPoints,shortHandedTimeOnIce,blocked,plusMinus,points,shifts,timeOnIcePerGame,evenTimeOnIcePerGame,shortHandedTimeOnIcePerGame,powerPlayTimeOnIcePerGame
1541:40,27,19,20,120,80,66,5,12,211:31,1112:40,20,58.16,15.8,3,1,2,2,217:29,38,-25,46,1818,19:16,13:54,02:43,02:38
1427:51,22,9,60,168,63,56,2,10,163:07,1166:17,60,0.0,5.4,1,0,1,1,98:27,75,5,31,1731,22:39,18:30,01:33,02:35
1343:29,23,27,42,224,74,98,11,18,243:59,1077:44,42,27.9,12.1,2,0,0,0,21:46,35,-9,50,1580,18:09,14:33,00:17,03:17
638:11,4,2,9,44,37,76,0,0,00:11,579:26,9,0.0,4.5,0,0,0,1,58:34,33,3,6,837,17:14,15:39,01:34,00:00
1807:31,28,11,58,146,82,83,3,12,201:51,1483:03,58,0.0,7.5,0,0,0,1,122:37,87,-27,39,2155,22:02,18:05,01:29,02:27
571:09,9,2,19,42,34,25,0,1,29:16,527:54,19,0.0,4.8,1,0,0,0,13:59,37,-13,11,718,16:47,15:31,00:24,00:51
1503:25,26,4,18,108,78,38,1,14,216:04,1277:07,18,0.0,3.7,1,0,0,0,10:14,74,-17,30,1804,19:16,16:22,00:07,02:46
494:42,2,3,27,42,54,97,0,0,21:34,461:59,27,24.13,7.1,0,0,0,0,11:09,23,-12,5,712,09:09,08:33,00:12,00:23
862:44,14,10,91,159,63,97,1,3,76:11,786:17,91,0.0,6.3,1,0,0,0,00:16,27,-10,24,1113,13:41,12:28,00:00,01:12
957:49,10,1,17,39,53,75,0,0,06:08,869:06,17,0.0,2.6,0,0,0,0,82:35,61,-3,11,1272,18:04,16:23,01:33,00:06
11:20,0,0,0,0,1,0,0,0,00:00,11:20,0,0.0,0.0,0,0,0,0,00:00,0,1,0,17,11:20,11:20,00:00,00:00
980:51,12,13,15,99,61,68,4,6,103:01,744:43,15,48.87,13.1,2,0,2,3,133:07,24,-6,25,1224,16:04,12:12,02:10,01:41
517:08,4,6,15,39,41,77,0,0,01:19,437:16,15,49.34,15.4,1,0,1,1,78:33,22,-4,10,738,12:36,10:39,01:54,00:01
438:39,3,4,6,49,34,42,0,0,06:55,388:19,6,52.94,8.2,1,0,1,1,43:25,11,-7,7,582,12:54,11:25,01:16,00:12
773:33,25,8,6,91,51,36,1,8,110:32,654:31,6,57.14,8.8,1,0,0,0,08:30,22,-8,33,961,15:10,12:50,00:10,02:10
256:07,3,0,13,21,21,41,0,0,06:24,247:53,13,53.03,0.0,0,0,0,0,01:50,4,-8,3,337,12:11,11:48,00:05,00:18
1249:10,30,17,24,160,69,53,3,11,200:29,1003:12,24,45.23,10.6,3,3,0,0,45:29,44,0,47,1485,18:06,14:32,00:39,02:54
1023:44,13,20,36,111,73,129,0,0,04:59,876:40,36,49.06,18.0,3,0,2,3,142:05,68,22,33,1476,14:01,12:00,01:56,00:04
1453:06,16,5,24,110,78,149,0,0,07:04,1320:24,24,0.0,4.5,0,0,0,0,125:38,116,22,21,1898,18:37,16:55,01:36,00:05
1393:24,16,3,25,157,74,144,1,3,49:53,1231:49,25,0.0,1.9,1,0,0,1,111:42,120,10,19,1864,18:49,16:38,01:30,00:40
359:54,8,3,16,34,26,37,0,0,15:08,334:12,16,40.0,8.8,0,0,0,1,10:34,8,3,11,473,13:50,12:51,00:24,00:34
1708:22,20,5,16,104,82,67,0,2,09:09,1363:18,16,0.0,4.8,0,0,0,4,335:55,208,-9,25,2027,20:50,16:37,04:05,00:06
1139:06,20,6,42,78,82,203,0,0,05:30,991:15,42,45.65,7.7,1,0,0,0,142:21,38,18,26,1517,13:53,12:05,01:44,00:04
1020:00,15,8,44,95,73,209,3,3,91:35,794:37,44,44.11,8.4,2,0,0,1,133:48,40,6,23,1445,13:58,10:53,01:49,01:15
1049:40,9,14,39,110,70,102,2,5,111:20,932:13,39,48.12,12.7,0,0,0,0,06:07,15,-19,23,1406,14:59,13:19,00:05,01:35
740:12,4,0,33,47,40,40,0,0,02:45,647:00,33,0.0,0.0,0,0,0,1,90:27,71,5,4,1011,18:30,16:10,02:15,00:04
1379:52,40,16,21,126,82,19,2,14,200:57,1176:05,21,51.47,12.7,4,1,1,1,02:50,32,8,56,1638,16:49,14:20,00:02,02:27
1289:06,18,19,17,160,78,36,7,12,219:15,1068:00,17,45.0,11.9,5,0,0,0,01:51,35,-6,37,1514,16:31,13:41,00:01,02:48
766:02,8,6,53,62,67,275,0,0,02:50,748:23,53,40.0,9.7,1,0,0,0,14:49,42,5,14,1072,11:26,11:10,00:13,00:02
1767:06,22,4,18,116,82,77,0,10,228:57,1505:46,18,0.0,3.4,0,0,0,0,32:23,89,0,26,2133,21:33,18:21,00:23,02:47
1401:12,23,28,58,204,82,103,10,16,233:42,1165:32,58,48.38,13.7,5,0,0,0,01:58,51,20,51,1664,17:05,14:12,00:01,02:51
1473:43,28,25,28,181,82,51,2,8,197:03,1210:55,28,47.67,13.8,3,1,1,1,65:45,55,20,53,1828,17:58,14:46,00:48,02:24
456:33,5,4,10,30,36,48,0,0,02:53,417:26,10,0.0,13.3,0,0,0,1,36:14,41,1,9,629,12:40,11:35,01:00,00:04
695:57,8,4,14,83,39,63,0,0,35:30,582:44,14,53.84,4.8,0,0,0,0,77:43,38,-12,12,932,17:50,14:56,01:59,00:54
1480:01,15,4,68,104,79,118,0,0,02:23,1293:58,68,0.0,3.8,0,0,1,1,183:40,159,18,19,1888,18:44,16:22,02:19,00:01
1833:49,28,9,22,180,82,143,3,9,153:57,1535:01,22,0.0,5.0,3,1,0,0,144:51,148,21,37,2278,22:21,18:43,01:45,01:52
134:33,3,1,23,12,17,43,0,0,00:05,133:53,23,0.0,8.3,0,0,0,0,00:35,1,3,4,189,07:54,07:52,00:02,00:00
339:02,4,3,2,34,28,10,0,0,05:53,333:09,2,0.0,8.8,2,0,0,0,00:00,8,3,7,435,12:06,11:53,00:00,00:12
858:59,13,5,4,81,48,24,1,4,85:07,770:37,4,0.0,6.2,2,1,0,0,03:15,30,7,18,1078,17:53,16:03,00:04,01:46
1469:41,44,18,46,179,82,25,3,18,241:02,1223:09,46,41.55,10.1,3,1,0,0,05:30,56,-5,62,1601,17:55,14:54,00:04,02:56
1186:01,10,18,8,156,81,87,1,2,133:58,1051:41,8,45.61,11.5,4,0,0,0,00:22,35,1,28,1435,14:38,12:59,00:00,01:39
347:55,4,2,75,34,43,76,0,0,01:45,345:39,75,43.33,5.9,0,0,0,0,00:31,16,-2,6,536,08:05,08:02,00:00,00:02
1534:12,10,3,32,84,79,94,0,0,02:23,1303:27,32,0.0,3.6,0,0,0,0,228:22,119,-9,13,2061,19:25,16:29,02:53,00:01
963:38,9,4,71,66,63,100,0,0,02:42,860:07,71,0.0,6.1,0,0,0,1,100:49,48,-7,13,1291,15:17,13:39,01:36,00:02
1375:04,24,28,57,201,79,159,7,12,205:57,1164:13,57,37.5,13.9,2,0,0,0,04:54,49,4,52,1783,17:24,14:44,00:03,02:36
437:07,5,6,8,27,41,30,0,0,04:32,431:06,8,51.04,22.2,1,0,0,0,01:29,18,-2,11,650,10:39,10:30,00:02,00:06
1037:33,12,8,26,80,66,120,0,0,07:56,915:35,26,35.0,10.0,1,0,0,0,114:02,47,-3,20,1420,15:43,13:52,01:43,00:07
1261:13,16,19,64,110,81,76,4,7,108:09,1063:10,64,47.58,17.3,2,2,0,0,89:54,36,-3,35,1658,15:34,13:07,01:06,01:20
1685:48,44,30,47,236,82,134,11,23,233:19,1289:49,47,49.67,12.7,5,0,2,2,162:40,66,-12,74,2084,20:33,15:43,01:59,02:50
243:15,3,1,8,31,24,54,0,0,09:13,233:08,8,60.0,3.2,0,0,0,0,00:54,9,-3,4,339,10:08,09:42,00:02,00:23
1876:00,42,8,58,162,82,112,3,18,168:52,1505:11,58,0.0,4.9,1,1,1,3,201:57,171,8,50,1997,22:52,18:21,02:27,02:03
971:11,17,21,13,119,64,60,7,12,125:03,846:01,13,28.0,17.6,1,0,0,0,00:07,20,-10,38,1235,15:10,13:13,00:00,01:57
1178:59,26,4,77,111,61,54,0,10,116:59,1051:37,77,0.0,3.6,0,0,0,0,10:23,82,6,30,1494,19:19,17:14,00:10,01:55
570:00,5,12,108,67,63,129,0,0,19:16,547:35,108,35.0,17.9,1,0,0,0,03:09,31,6,17,795,09:02,08:41,00:03,00:18
1568:40,59,28,23,191,79,14,6,18,221:31,1343:45,23,25.0,14.7,8,4,0,0,03:24,17,14,87,1816,19:51,17:00,00:02,02:48
72:56,0,0,8,8,5,11,0,0,00:00,69:18,8,0.0,0.0,0,0,0,0,03:38,9,-6,0,102,14:35,13:51,00:43,00:00
985:57,17,6,14,74,66,64,0,2,90:19,812:51,14,48.42,8.1,1,0,0,0,82:47,47,-16,23,1322,14:56,12:18,01:15,01:22
1033:57,12,11,8,133,75,29,3,7,109:54,923:51,8,38.85,8.3,2,0,0,0,00:12,21,-22,23,1300,13:47,12:19,00:00,01:27
1095:50,21,27,18,167,66,34,8,13,182:58,912:24,18,54.54,16.2,4,0,0,0,00:28,16,-10,48,1342,16:36,13:49,00:00,02:46
61:51,0,0,4,5,5,9,0,0,00:01,57:17,4,0.0,0.0,0,0,0,0,04:33,7,-3,0,86,12:22,11:27,00:54,00:00
1113:15,16,17,20,162,81,68,2,3,87:36,959:41,20,30.0,10.5,2,0,0,0,65:58,52,-9,33,1532,13:44,11:50,00:48,01:04
1014:16,8,5,17,71,78,87,0,0,21:02,850:19,17,53.81,7.0,0,0,0,0,142:55,44,-1,13,1542,13:00,10:54,01:49,00:16
1754:31,17,8,41,143,80,167,1,2,46:04,1487:47,41,0.0,5.6,1,1,0,1,220:40,137,-3,25,1909,21:55,18:35,02:45,00:34
1759:27,63,22,24,229,82,28,2,23,288:24,1328:49,24,57.9,9.6,4,1,1,1,142:14,19,9,85,2138,21:27,16:12,01:44,03:31
1583:55,14,2,35,105,78,121,0,1,08:29,1396:36,35,0.0,1.9,0,0,0,0,178:50,120,-14,16,1957,20:18,17:54,02:17,00:06
1456:26,46,20,25,210,78,17,4,18,253:42,1200:35,25,40.0,9.5,2,0,0,0,02:09,29,-16,66,1777,18:40,15:23,00:01,03:15
654:27,10,4,14,74,56,92,0,0,05:10,557:33,14,52.62,5.4,1,0,0,1,91:44,29,-6,14,969,11:41,09:57,01:38,00:05
628:58,4,8,6,75,47,93,1,1,32:11,558:32,6,41.66,10.7,1,0,0,0,38:15,27,-2,12,972,13:22,11:53,00:48,00:41
1297:53,36,19,12,156,71,58,3,11,151:05,1020:15,12,49.23,12.2,2,1,2,3,126:33,15,-2,55,1628,18:16,14:22,01:46,02:07
1770:10,43,33,34,223,80,40,8,17,248:36,1336:43,34,57.06,14.8,5,1,1,1,184:51,60,2,76,2143,22:07,16:42,02:18,03:06
1217:48,20,12,53,130,82,146,0,0,12:32,1021:24,53,54.17,9.2,1,0,0,2,183:52,46,-11,32,1668,14:51,12:27,02:14,00:09
1533:25,28,9,22,180,78,46,4,14,271:16,1255:15,22,0.0,5.0,2,1,0,0,06:54,102,-20,37,1772,19:39,16:05,00:05,03:28
764:50,12,6,32,65,67,96,0,0,04:20,698:30,32,41.17,9.2,1,0,1,1,62:00,29,-1,18,1083,11:24,10:25,00:55,00:03
1389:31,15,5,63,86,82,258,0,0,03:39,1240:57,63,0.0,5.8,1,0,0,0,144:55,158,-3,20,1893,16:56,15:08,01:46,00:02
1603:48,26,9,22,121,82,45,2,5,84:21,1470:24,22,0.0,7.4,2,1,0,0,49:03,133,-4,35,2011,19:33,17:55,00:35,01:01
50:18,0,0,0,2,9,14,0,0,00:26,49:52,0,0.0,0.0,0,0,0,0,00:00,0,1,0,72,05:35,05:32,00:00,00:02
1251:20,25,24,40,182,82,65,4,8,132:46,1117:34,40,31.81,13.2,3,1,0,0,01:00,45,-4,49,1652,15:15,13:37,00:00,01:37
2059:11,19,7,32,145,82,123,0,2,127:24,1693:34,32,0.0,4.8,1,0,0,0,238:13,149,-16,26,2369,25:06,20:39,02:54,01:33
322:42,1,1,2,25,21,42,0,0,02:22,305:10,2,0.0,4.0,0,0,0,0,15:10,8,-5,2,409,15:22,14:31,00:43,00:06
1586:45,36,40,26,227,82,105,6,11,174:05,1372:35,26,33.33,17.6,4,1,1,1,40:05,47,13,76,2008,19:21,16:44,00:29,02:07
1340:15,21,16,28,161,82,74,4,10,144:51,1189:09,28,51.23,9.9,3,0,0,0,06:15,41,-6,37,1774,16:20,14:30,00:04,01:45
1278:40,51,21,89,187,68,54,9,26,231:55,1044:10,89,45.68,11.2,5,0,0,0,02:35,33,-25,72,1554,18:48,15:21,00:02,03:24
1658:21,65,35,36,220,79,85,12,29,253:17,1360:17,36,55.42,15.9,3,1,0,2,44:47,43,18,100,2036,20:59,17:13,00:34,03:12
1580:50,12,1,41,86,82,233,1,2,26:48,1368:18,41,0.0,1.2,0,0,0,2,185:44,147,-4,13,2124,19:16,16:41,02:15,00:19
1687:21,40,16,48,206,65,116,2,19,210:33,1336:50,48,0.0,7.8,3,1,1,2,139:58,111,13,56,1923,25:57,20:34,02:09,03:14
1067:52,19,18,26,197,69,150,6,12,187:53,879:13,26,50.0,9.1,2,0,0,0,00:46,34,-3,37,1412,15:28,12:44,00:00,02:43
594:32,13,2,4,47,29,25,1,6,69:38,520:59,4,0.0,4.3,0,0,0,0,03:55,41,0,15,767,20:30,17:57,00:08,02:24
1597:55,20,3,20,99,76,141,0,0,09:58,1408:29,20,0.0,3.0,0,0,0,4,179:28,129,31,23,2110,21:01,18:31,02:21,00:07
1383:27,21,21,28,214,81,87,7,14,181:26,1187:11,28,15.38,9.8,5,1,0,0,14:50,38,-9,42,1635,17:04,14:39,00:10,02:14
967:37,12,14,30,154,64,126,2,6,95:49,870:09,30,49.43,9.1,2,0,0,0,01:39,27,6,26,1340,15:07,13:35,00:01,01:29
1145:07,17,18,24,141,72,119,0,0,08:53,994:13,24,33.33,12.8,4,0,2,4,142:01,59,10,35,1610,15:54,13:48,01:58,00:07
309:36,4,6,15,33,28,52,0,0,00:33,273:14,15,44.56,18.2,1,0,1,3,35:49,14,7,10,454,11:03,09:45,01:16,00:01
292:58,1,1,4,22,18,40,0,0,01:34,268:19,4,0.0,4.5,1,0,0,0,23:05,16,-9,2,401,16:16,14:54,01:16,00:05
1140:24,20,14,12,147,78,29,4,6,132:39,1005:36,12,55.88,9.5,3,1,0,0,02:09,29,-18,34,1480,14:37,12:53,00:01,01:42
1133:00,16,19,31,150,78,77,1,3,63:30,977:31,31,46.21,12.7,2,0,4,4,91:59,51,-1,35,1696,14:31,12:31,01:10,00:48
1401:17,23,2,66,87,84,101,1,5,72:01,1260:26,66,100.0,2.3,0,0,0,1,68:50,108,17,25,1961,16:40,15:00,00:49,00:51
1170:57,20,9,25,168,74,33,2,4,100:32,946:53,25,46.41,5.4,1,0,0,3,123:32,33,-7,29,1528,15:49,12:47,01:40,01:21
946:04,20,8,18,121,71,89,1,3,58:12,887:33,18,31.57,6.6,0,0,0,0,00:19,19,8,28,1311,13:19,12:30,00:00,00:49
1128:49,15,14,41,127,80,278,0,0,04:49,953:11,41,37.5,11.0,0,0,2,3,170:49,81,9,29,1685,14:06,11:54,02:08,00:03
587:14,9,8,26,76,43,138,0,0,05:03,501:33,26,44.44,10.5,1,0,1,1,80:38,37,12,17,877,13:39,11:39,01:52,00:07
617:20,3,2,10,43,37,86,2,2,37:35,577:02,10,0.0,4.7,1,0,0,0,02:43,38,3,5,856,16:41,15:35,00:04,01:00
692:04,7,0,35,32,39,73,0,0,02:11,620:42,35,0.0,0.0,0,0,0,0,69:11,79,8,7,919,17:44,15:54,01:46,00:03
1306:49,9,5,57,99,62,81,1,3,04:51,1112:53,57,0.0,5.1,2,0,0,0,189:05,88,22,14,1515,21:04,17:56,03:02,00:04
1200:22,47,32,30,205,65,43,9,27,212:01,878:23,30,56.58,15.6,3,1,4,7,109:58,60,23,79,1510,18:28,13:30,01:41,03:15
1431:56,53,20,16,139,81,28,6,16,182:16,1235:53,16,48.4,14.4,4,1,0,0,13:47,24,7,73,1699,17:40,15:15,00:10,02:15
1550:16,64,36,96,231,79,46,10,34,249:57,1176:21,96,42.85,15.6,9,3,3,7,123:58,19,15,100,1821,19:37,14:53,01:34,03:09
1145:08,9,4,26,97,61,77,2,3,24:56,988:28,26,0.0,4.1,1,0,0,0,131:44,76,0,13,1517,18:46,16:12,02:09,00:24
1358:56,22,12,20,155,81,77,1,4,140:37,1134:17,20,45.86,7.7,2,0,1,1,84:02,56,-1,34,1676,16:46,14:00,01:02,01:44
1022:24,7,12,51,135,76,247,0,0,03:44,908:36,51,45.0,8.9,1,0,0,0,110:04,38,3,19,1373,13:27,11:57,01:26,00:02
943:37,5,7,13,103,70,86,0,0,07:19,821:09,13,38.4,6.8,3,1,0,0,115:09,52,0,12,1300,13:28,11:43,01:38,00:06
977:58,13,8,38,134,71,129,0,0,04:14,880:52,38,53.86,6.0,3,1,0,0,92:52,35,6,21,1304,13:46,12:24,01:18,00:03
1363:13,47,6,33,151,64,53,2,30,237:15,1112:21,33,0.0,4.0,2,1,0,0,13:37,60,-2,53,1599,21:18,17:22,00:12,03:42
1262:39,15,3,68,90,66,46,1,6,103:16,1111:54,68,0.0,3.3,0,0,0,0,47:29,60,9,18,1652,19:07,16:50,00:43,01:33
13:46,0,0,0,0,1,6,0,0,00:00,12:20,0,0.0,0.0,0,0,0,0,01:26,1,0,0,19,13:46,12:20,01:26,00:00
336:24,1,0,15,22,19,40,0,0,00:56,323:19,15,0.0,0.0,0,0,0,0,12:09,13,5,1,454,17:42,17:01,00:38,00:02
900:05,22,9,82,96,60,123,2,9,108:56,759:06,82,33.33,9.4,2,0,0,0,32:03,31,6,31,1153,15:00,12:39,00:32,01:48
1237:45,43,38,32,235,66,57,17,33,222:18,1012:48,32,33.33,16.2,4,0,0,0,02:39,25,6,81,1395,18:45,15:20,00:02,03:22
235:59,2,1,2,18,20,9,0,0,16:52,217:46,2,100.0,5.6,0,0,0,0,01:21,12,-1,3,305,11:47,10:53,00:04,00:50
469:44,9,11,2,94,30,17,1,4,65:47,403:11,2,33.33,11.7,2,0,0,0,00:46,11,0,20,593,15:39,13:26,00:01,02:11
1506:26,8,2,47,116,72,134,0,0,04:02,1302:27,47,100.0,1.7,0,0,0,2,199:57,88,22,10,1840,20:55,18:05,02:46,00:03
248:37,0,1,2,11,16,15,0,0,00:31,213:47,2,0.0,9.1,1,0,0,0,34:19,15,-1,1,350,15:32,13:21,02:08,00:01
1099:00,15,27,18,156,68,45,8,11,181:14,902:22,18,21.05,17.3,4,0,0,0,15:24,24,2,42,1319,16:09,13:16,00:13,02:39
1197:20,21,7,45,79,54,92,1,2,85:05,1042:07,45,0.0,8.9,3,1,0,1,70:08,91,14,28,1448,22:10,19:17,01:17,01:34
737:32,12,1,18,65,65,58,0,0,04:30,629:52,18,50.12,1.5,0,0,0,0,103:10,55,5,13,1136,11:20,09:41,01:35,00:04
978:49,8,5,26,71,69,87,0,0,10:31,837:47,26,51.87,7.0,0,0,0,1,130:31,30,-20,13,1320,14:11,12:08,01:53,00:09
788:26,5,7,20,108,65,66,1,1,56:10,730:24,20,50.0,6.5,0,0,0,0,01:52,9,-22,12,1031,12:07,11:14,00:01,00:51
219:38,2,0,4,10,14,6,0,0,00:33,201:03,4,0.0,0.0,0,0,0,0,18:02,9,-7,2,280,15:41,14:21,01:17,00:02
1075:15,15,14,41,147,78,87,7,11,147:15,926:55,41,47.01,9.5,2,0,0,0,01:05,27,-9,29,1361,13:47,11:53,00:00,01:53
868:29,18,16,26,132,65,57,0,0,04:28,826:54,26,34.21,12.1,4,0,2,2,37:07,22,24,34,1138,13:21,12:43,00:34,00:04
1237:38,13,17,99,157,79,137,5,8,217:40,1019:31,99,23.52,10.8,2,0,0,0,00:27,28,-16,30,1530,15:39,12:54,00:00,02:45
923:34,17,13,8,115,58,28,2,9,144:05,777:37,8,32.0,11.3,1,0,0,0,01:52,24,-16,30,1106,15:55,13:24,00:01,02:29
1043:22,8,6,37,79,73,112,0,0,05:54,865:40,37,50.65,7.6,0,0,1,1,171:48,44,-8,14,1380,14:17,11:51,02:21,00:04
1518:29,23,40,36,268,82,31,8,16,252:36,1263:28,36,52.15,14.9,7,3,0,0,02:25,24,0,63,1721,18:31,15:24,00:01,03:04
1276:59,26,3,44,131,65,122,1,13,154:33,1084:24,44,0.0,2.3,0,0,0,0,38:02,64,0,29,1581,19:38,16:40,00:35,02:22
980:01,13,5,17,78,72,144,0,0,05:44,801:19,17,40.58,6.4,0,0,0,0,172:58,29,-11,18,1306,13:36,11:07,02:24,00:04
1300:39,18,17,21,154,81,79,1,4,136:16,1059:31,21,25.0,11.0,4,0,0,0,104:52,34,-6,35,1681,16:03,13:04,01:17,01:40
1117:45,10,4,35,64,59,103,0,0,06:00,985:14,35,0.0,6.3,0,0,1,1,126:31,99,-4,14,1364,18:56,16:41,02:08,00:06
1922:02,38,5,38,182,78,235,1,17,234:09,1518:27,38,0.0,2.7,2,1,0,0,169:26,121,-41,43,2076,24:38,19:28,02:10,03:00
04:48,0,0,0,0,1,0,0,0,00:00,04:48,0,75.0,0.0,0,0,0,0,00:00,1,-1,0,9,04:48,04:48,00:00,00:00
1554:32,43,22,16,180,82,38,2,15,262:09,1286:29,16,35.63,12.2,1,0,0,0,05:54,47,-10,65,1730,18:57,15:41,00:04,03:11
1840:47,27,8,56,181,82,99,1,6,148:52,1555:12,56,0.0,4.4,2,0,0,0,136:43,121,-20,35,2252,22:26,18:57,01:40,01:48
108:06,2,2,2,21,6,2,2,2,11:15,96:33,2,0.0,9.5,0,0,0,0,00:18,3,1,4,125,18:01,16:05,00:03,01:52
1573:59,54,28,26,303,77,70,8,26,271:23,1261:41,26,47.0,9.2,2,2,0,0,40:55,51,-11,82,1756,20:26,16:23,00:31,03:31
721:15,12,0,16,62,38,48,0,1,37:54,652:40,16,0.0,0.0,0,0,0,0,30:41,37,-7,12,946,18:58,17:10,00:48,00:59
1734:45,35,9,34,177,82,97,5,20,233:49,1487:57,34,0.0,5.1,4,0,0,0,12:59,66,-13,44,1905,21:09,18:08,00:09,02:51
574:48,5,1,20,37,33,20,0,0,19:36,545:04,20,0.0,2.7,0,0,0,0,10:08,33,-8,6,714,17:25,16:31,00:18,00:35
1160:20,24,13,6,137,82,13,1,2,86:54,1068:01,6,36.06,9.5,2,0,0,0,05:25,27,10,37,1531,14:09,13:01,00:03,01:03
1261:53,13,0,6,65,71,21,0,0,22:10,1176:51,6,0.0,0.0,0,0,0,0,62:52,95,17,13,1650,17:46,16:34,00:53,00:18
1362:03,19,14,28,166,58,129,5,6,147:27,1051:16,28,0.0,8.4,3,0,0,0,163:20,110,15,33,1572,23:29,18:07,02:48,02:32
1895:47,33,13,28,172,82,190,3,11,207:44,1516:00,28,0.0,7.6,4,2,0,1,172:03,123,-5,46,2185,23:07,18:29,02:05,02:32
155:42,1,0,2,8,9,13,0,0,00:24,136:14,2,0.0,0.0,0,0,0,0,19:04,10,1,1,215,17:18,15:08,02:07,00:02
815:44,16,15,17,94,56,114,0,1,60:18,677:56,17,34.28,16.0,3,1,2,3,77:30,36,16,31,1160,14:34,12:06,01:23,01:04
600:37,6,5,19,58,51,88,0,0,05:14,529:17,19,37.5,8.6,1,0,1,1,66:06,21,-8,11,905,11:46,10:22,01:17,00:06
1312:45,33,25,34,195,80,77,4,8,180:50,1129:23,34,25.64,12.8,4,0,0,0,02:32,30,21,58,1737,16:24,14:07,00:01,02:15
1452:04,15,5,62,111,78,171,0,0,02:07,1314:15,62,0.0,4.5,1,0,0,1,135:42,139,6,20,1629,18:36,16:50,01:44,00:01
848:07,13,8,18,75,63,28,2,6,67:10,780:35,18,55.59,10.7,1,0,0,0,00:22,26,-8,21,1134,13:27,12:23,00:00,01:03
1344:33,19,33,49,302,82,126,4,7,201:31,1140:32,49,45.09,10.9,4,0,0,0,02:30,31,10,52,1775,16:23,13:54,00:01,02:27
323:13,3,0,13,32,19,32,0,0,01:25,296:19,13,0.0,0.0,0,0,0,0,25:29,30,-3,3,407,17:00,15:35,01:20,00:04
900:14,10,13,14,134,57,113,2,6,98:57,712:07,14,17.24,9.7,2,0,1,1,89:10,21,0,23,1213,15:47,12:29,01:33,01:44
1439:58,41,12,39,132,81,95,0,4,39:05,1198:21,39,55.54,9.1,1,0,0,2,202:32,60,17,53,2017,17:46,14:47,02:30,00:28
373:32,2,3,16,50,32,73,0,1,50:56,322:36,16,44.44,6.0,0,0,0,0,00:00,9,-9,5,489,11:40,10:04,00:00,01:35
1017:03,11,6,31,102,57,107,0,0,02:41,988:57,31,0.0,5.9,3,0,1,1,25:25,64,12,17,1275,17:50,17:21,00:26,00:02
1275:43,20,11,32,176,82,120,0,0,44:48,1045:06,32,26.31,6.3,4,0,0,0,185:49,39,10,31,1780,15:33,12:44,02:15,00:32
1371:26,35,18,26,190,81,55,3,16,231:27,1134:47,26,42.04,9.5,3,1,0,0,05:12,23,-8,53,1706,16:55,14:00,00:03,02:51
1425:19,44,28,80,203,82,53,4,11,210:34,1210:13,80,44.88,13.8,2,0,0,0,04:32,39,20,72,1751,17:22,14:45,00:03,02:34
704:40,6,0,27,47,45,125,0,0,01:09,658:40,27,100.0,0.0,0,0,0,0,44:51,78,6,6,979,15:39,14:38,00:59,00:01
1640:44,18,5,21,81,81,91,0,0,03:35,1407:14,21,100.0,6.2,0,0,1,1,229:55,144,30,23,2181,20:15,17:22,02:50,00:02
1223:13,27,15,35,160,78,77,7,16,184:25,1031:51,35,30.76,9.4,1,0,0,0,06:57,49,-29,42,1563,15:40,13:13,00:05,02:21
1274:44,22,15,14,142,78,25,1,4,109:51,1076:24,14,45.73,10.6,1,0,1,1,88:29,33,-2,37,1611,16:20,13:48,01:08,01:24
995:37,28,7,6,88,71,54,2,7,133:46,860:39,6,38.88,8.0,1,0,0,0,01:12,28,-23,35,1277,14:01,12:07,00:01,01:53
825:13,4,1,89,59,53,212,0,0,00:57,746:13,89,0.0,1.7,0,0,0,0,78:03,93,-12,5,1214,15:34,14:04,01:28,00:01
410:27,7,3,4,35,39,33,0,0,01:39,360:12,4,47.33,8.6,0,0,0,1,48:36,21,-14,10,594,10:31,09:14,01:14,00:02
1064:31,8,3,16,101,57,48,1,1,80:41,955:07,16,0.0,3.0,1,0,0,0,28:43,53,0,11,1329,18:40,16:45,00:30,01:24
1379:29,39,9,26,116,81,30,0,10,139:28,1102:58,26,50.91,7.8,1,0,0,0,137:03,54,-22,48,1737,17:01,13:37,01:41,01:43
1130:57,21,8,16,85,82,35,0,1,20:06,950:12,16,39.21,9.4,0,0,0,3,160:39,37,11,29,1632,13:47,11:35,01:57,00:14
939:52,14,19,14,132,74,32,7,8,119:40,818:03,14,13.33,14.4,3,0,0,0,02:09,33,-2,33,1286,12:42,11:03,00:01,01:37
169:29,1,1,4,30,20,28,0,0,00:32,168:57,4,45.71,3.3,0,0,0,0,00:00,4,-10,2,225,08:28,08:26,00:00,00:01
396:06,5,7,16,35,42,101,0,1,05:53,390:13,16,73.68,20.0,0,0,0,0,00:00,25,-8,12,588,09:25,09:17,00:00,00:08
40:00,0,0,10,2,3,5,0,0,00:06,37:51,10,0.0,0.0,0,0,0,0,02:03,2,-2,0,60,13:20,12:37,00:41,00:02
1150:06,27,14,24,123,71,23,5,8,150:29,984:25,24,47.43,11.4,2,1,0,0,15:12,35,-24,41,1455,16:11,13:51,00:12,02:07
1700:13,41,14,32,185,70,71,1,16,205:41,1452:51,32,0.0,7.6,2,1,1,1,41:41,112,-12,55,1936,24:17,20:45,00:35,02:56
519:46,8,4,6,36,30,11,0,3,56:06,461:58,6,0.0,11.1,1,0,0,0,01:42,31,3,12,673,17:19,15:23,00:03,01:52
444:45,9,5,10,48,36,18,3,4,51:51,384:49,10,14.28,10.4,1,0,0,0,08:05,24,-7,14,585,12:21,10:41,00:13,01:26
1658:22,11,3,18,71,81,139,0,0,05:37,1421:32,18,0.0,4.2,0,0,0,0,231:13,151,2,14,2145,20:28,17:32,02:51,00:04
1137:46,23,22,75,214,71,174,4,10,158:50,975:32,75,48.99,10.3,3,1,0,0,03:24,26,-10,45,1442,16:01,13:44,00:02,02:14
997:48,23,20,32,130,73,60,3,6,115:08,881:37,32,36.84,15.4,3,0,0,0,01:03,36,14,43,1406,13:40,12:04,00:00,01:34
1008:32,19,8,29,121,76,16,2,12,167:25,839:06,29,58.24,6.6,1,0,0,0,02:01,30,-13,27,1513,13:16,11:02,00:01,02:12
1707:19,28,9,47,141,80,172,1,5,93:45,1472:47,47,0.0,6.4,1,0,0,1,140:47,134,21,37,2210,21:20,18:24,01:45,01:10
755:04,10,11,96,115,72,115,1,1,15:31,738:38,96,37.5,9.6,2,0,0,0,00:55,24,4,21,1084,10:29,10:15,00:00,00:12
1565:19,41,47,34,286,82,59,10,19,212:44,1336:22,34,54.45,16.4,8,1,0,0,16:13,53,19,88,1969,19:05,16:17,00:11,02:35
1698:32,45,14,36,218,78,48,2,25,315:44,1377:45,36,0.0,6.4,2,0,0,0,05:03,93,-3,59,1850,21:46,17:39,00:03,04:02
364:48,4,1,12,34,24,21,0,0,00:43,329:44,12,0.0,2.9,0,0,0,0,34:21,21,-4,5,523,15:12,13:44,01:25,00:01
137:18,1,0,2,6,11,9,0,0,00:28,136:50,2,0.0,0.0,0,0,0,0,00:00,5,-5,1,191,12:28,12:26,00:00,00:02
1226:34,20,21,65,144,71,102,0,0,17:52,1047:44,65,47.67,14.6,4,0,1,1,160:58,39,16,41,1700,17:16,14:45,02:16,00:15
1896:01,52,20,14,223,82,61,3,21,213:35,1594:13,14,0.0,9.0,5,2,0,0,88:13,114,24,72,2364,23:07,19:26,01:04,02:36
1669:31,19,7,18,132,74,120,0,1,34:50,1450:03,18,0.0,5.3,2,0,0,0,184:38,142,-22,26,2048,22:33,19:35,02:29,00:28
1160:50,27,15,38,116,78,22,4,16,161:58,994:15,38,56.03,12.9,1,0,0,0,04:37,29,-9,42,1486,14:52,12:44,00:03,02:04
585:34,11,3,12,46,70,98,0,0,02:07,570:25,12,53.69,6.5,0,0,0,0,13:02,28,3,14,867,08:21,08:08,00:11,00:01
837:51,20,7,16,130,54,16,1,6,100:16,735:04,16,55.16,5.4,0,0,0,0,02:31,14,-4,27,1145,15:30,13:36,00:02,01:51
1295:41,24,20,27,174,78,92,1,3,61:54,1108:00,27,50.0,11.5,3,1,2,2,125:47,19,12,44,1805,16:36,14:12,01:36,00:47
1107:38,13,4,22,98,64,100,0,0,08:24,1031:51,22,0.0,4.1,0,0,0,0,67:23,57,-5,17,1453,17:18,16:07,01:03,00:07
1625:26,68,26,22,233,82,29,3,21,212:17,1302:00,22,63.63,11.2,5,0,1,3,111:09,43,22,94,2066,19:49,15:52,01:21,02:35
644:28,9,7,14,66,50,40,0,1,25:14,592:05,14,39.13,10.6,0,0,0,0,27:09,21,-10,16,944,12:53,11:50,00:32,00:30
1261:44,36,37,12,251,68,28,12,20,174:39,1085:01,12,52.14,14.7,5,2,0,0,02:04,60,-9,73,1591,18:33,15:57,00:01,02:34
66:49,0,1,0,5,4,1,0,0,01:56,64:47,0,0.0,20.0,0,0,0,0,00:06,2,-3,1,101,16:42,16:11,00:01,00:29
1086:25,13,4,22,107,50,68,3,5,112:36,878:22,22,0.0,3.7,0,0,0,0,95:27,77,-17,17,1317,21:43,17:34,01:54,02:15
1613:09,21,18,54,259,82,160,2,7,152:42,1439:46,54,0.0,6.9,2,0,0,0,20:41,91,0,39,1994,19:40,17:33,00:15,01:51
1495:51,22,7,24,98,73,53,0,0,10:32,1303:01,24,100.0,7.1,2,0,0,2,182:18,131,35,29,1826,20:29,17:50,02:29,00:08
1430:18,30,23,44,237,82,55,9,14,222:07,1206:46,44,38.01,9.7,5,0,0,0,01:25,32,-4,53,1814,17:26,14:43,00:01,02:42
914:14,17,11,26,121,50,122,0,2,91:03,732:04,26,55.81,9.1,1,0,0,0,91:07,18,6,28,1279,18:17,14:38,01:49,01:49
1315:16,27,3,26,78,62,61,0,5,115:18,1192:08,26,0.0,3.8,0,0,0,0,07:50,64,19,30,1635,21:12,19:13,00:07,01:51
1330:28,30,23,30,184,82,94,6,15,184:52,1143:56,30,55.22,12.5,3,0,0,0,01:40,20,-4,53,1637,16:13,13:57,00:01,02:15
1311:34,30,26,29,159,78,54,5,11,138:18,1172:13,29,41.05,16.4,5,2,0,0,01:03,38,-9,56,1583,16:48,15:01,00:00,01:46
1081:16,24,10,54,158,55,112,3,13,135:31,855:35,54,51.82,6.3,1,0,1,1,90:10,42,-9,34,1366,19:39,15:33,01:38,02:27
1240:46,9,2,68,102,64,128,0,0,08:10,1099:42,68,0.0,2.0,1,0,0,0,132:54,106,8,11,1691,19:23,17:10,02:04,00:07
1656:16,17,8,44,126,78,178,0,0,18:48,1463:38,44,100.0,6.3,1,1,0,1,173:50,119,-4,25,2141,21:14,18:45,02:13,00:14
1469:13,55,21,12,167,82,35,8,24,223:43,1172:28,12,41.86,12.6,1,1,1,5,73:02,23,30,76,1898,17:55,14:17,00:53,02:43
1187:50,10,15,38,146,82,199,0,0,08:00,1047:15,38,43.98,10.3,5,0,1,1,132:35,46,1,25,1735,14:29,12:46,01:37,00:05
1173:23,16,10,20,123,82,137,0,0,21:03,969:55,20,42.62,8.1,0,0,1,1,182:25,38,10,26,1700,14:18,11:49,02:13,00:15
1889:06,23,8,18,146,82,70,5,7,148:13,1544:34,18,0.0,5.5,1,0,1,2,196:19,133,0,31,2203,23:02,18:50,02:23,01:48
1174:34,11,3,10,102,78,42,0,0,04:32,1089:31,10,0.0,2.9,1,0,0,0,80:31,84,-4,14,1563,15:03,13:58,01:01,00:03
250:40,1,0,2,17,20,25,0,0,00:50,242:58,2,0.0,0.0,0,0,0,0,06:52,21,4,1,340,12:32,12:08,00:20,00:02
962:01,5,10,20,106,77,126,0,0,07:45,854:39,20,47.61,9.4,3,0,0,0,99:37,19,-17,15,1412,12:29,11:05,01:17,00:06
1652:22,53,30,26,243,82,65,3,24,246:05,1314:53,26,48.58,12.3,7,3,4,5,91:24,34,25,83,2008,20:09,16:02,01:06,03:00
70:10,1,1,2,6,7,3,0,0,13:28,56:42,2,36.36,16.7,0,0,0,0,00:00,2,0,2,103,10:01,08:06,00:00,01:55
1201:02,17,20,62,189,82,123,0,5,156:59,1042:56,62,14.28,10.6,3,1,0,0,01:07,26,0,37,1685,14:38,12:43,00:00,01:54
342:56,7,3,8,53,31,65,0,0,02:00,340:27,8,0.0,5.7,0,0,0,0,00:29,9,0,10,469,11:03,10:58,00:00,00:03
980:48,6,18,38,123,73,145,7,9,192:05,676:00,38,51.05,14.6,4,0,1,2,112:43,50,-14,24,1255,13:26,09:15,01:32,02:37
1840:22,53,9,50,199,82,47,7,39,291:23,1518:09,50,0.0,4.5,2,0,0,0,30:50,76,-17,62,2304,22:26,18:30,00:22,03:33
964:35,15,2,8,57,47,59,0,1,05:14,822:23,8,0.0,3.5,0,0,0,0,136:58,71,12,17,1113,20:31,17:29,02:54,00:06
725:25,10,5,15,116,59,89,0,1,02:53,603:16,15,35.45,4.3,0,0,0,0,119:16,58,-2,15,1055,12:17,10:13,02:01,00:02
1506:26,42,28,8,195,82,33,8,17,275:09,1230:31,8,40.0,14.4,4,0,0,0,00:46,42,-6,70,1834,18:22,15:00,00:00,03:21
1462:42,34,36,30,253,82,42,17,35,282:02,1179:28,30,34.21,14.2,6,3,0,0,01:12,26,-24,70,1740,17:50,14:23,00:00,03:26
248:49,5,2,10,26,15,11,0,1,35:24,211:10,10,51.31,7.7,0,0,0,0,02:15,6,1,7,289,16:35,14:04,00:09,02:21
1079:44,24,22,24,139,81,53,1,2,75:59,1002:22,24,29.03,15.8,5,0,0,0,01:23,25,13,46,1267,13:19,12:22,00:01,00:56
1278:50,10,1,26,64,70,133,0,0,03:30,1152:57,26,0.0,1.6,0,0,0,1,122:23,89,-1,11,1798,18:16,16:28,01:44,00:03
1545:59,62,30,40,226,82,57,11,34,279:58,1252:01,40,63.15,13.3,5,0,0,0,14:00,45,-14,92,1846,18:51,15:16,00:10,03:24
1673:51,19,8,44,129,75,63,0,6,59:56,1434:12,44,0.0,6.2,2,1,0,2,179:43,132,-24,27,2126,22:19,19:07,02:23,00:47
13:24,0,1,0,1,2,0,0,0,00:00,12:56,0,0.0,100.0,0,0,0,0,00:28,1,0,1,21,06:42,06:28,00:14,00:00
1085:51,11,4,64,79,64,127,0,1,18:37,974:50,64,100.0,5.1,2,0,0,0,92:24,103,-3,15,1471,16:57,15:13,01:26,00:17
492:07,1,1,28,28,37,80,0,0,01:08,460:46,28,0.0,3.6,0,0,0,0,30:13,31,-3,2,723,13:18,12:27,00:49,00:01
1833:01,61,35,8,206,82,28,13,31,288:19,1375:06,8,53.68,17.0,5,2,0,1,169:36,61,-3,96,2218,22:21,16:46,02:04,03:30
1938:49,24,13,47,180,82,114,5,10,139:17,1610:48,47,0.0,7.2,1,1,0,0,188:44,88,1,37,2468,23:38,19:38,02:18,01:41
1198:09,18,10,36,131,81,82,2,7,100:38,1026:30,36,50.93,7.6,4,0,0,0,71:01,39,-8,28,1763,14:47,12:40,00:52,01:14
1187:39,15,24,38,208,81,139,2,8,134:48,1051:01,38,39.47,11.5,1,0,0,0,01:50,74,-10,39,1620,14:39,12:58,00:01,01:39
934:59,8,6,47,99,72,221,0,0,03:05,819:12,47,49.62,6.1,2,0,0,0,112:42,36,-3,14,1238,12:59,11:22,01:33,00:02
11:22,0,0,2,1,1,5,0,0,00:00,11:22,2,0.0,0.0,0,0,0,0,00:00,0,0,0,19,11:22,11:22,00:00,00:00
1192:09,19,4,34,113,74,96,0,0,02:47,1113:35,34,0.0,3.5,0,0,0,0,75:47,62,4,23,1504,16:06,15:02,01:01,00:02
1219:42,22,18,45,153,82,88,2,5,112:33,947:07,45,20.0,11.8,2,1,1,2,160:02,23,22,40,1632,14:52,11:33,01:57,01:22
1382:36,26,2,20,148,73,73,1,7,177:24,1173:28,20,0.0,1.4,0,0,0,0,31:44,104,-15,28,1685,18:56,16:04,00:26,02:25
1048:33,18,10,64,118,74,135,2,11,144:22,904:11,64,40.0,8.5,3,0,0,0,00:00,7,-3,28,1287,14:10,12:13,00:00,01:57
1811:14,37,9,34,128,82,98,0,3,54:14,1499:24,34,0.0,7.0,1,0,0,3,257:36,161,38,46,2066,22:05,18:17,03:08,00:39
1500:37,53,45,37,234,82,72,19,40,297:38,1154:40,37,53.09,19.2,6,0,2,2,48:19,40,4,98,1789,18:18,14:04,00:35,03:37
1405:44,16,3,52,93,65,83,0,1,16:37,1209:31,52,0.0,3.2,0,0,1,1,179:36,116,-5,19,1574,21:37,18:36,02:45,00:15
361:32,2,0,16,30,26,105,0,0,00:02,329:38,16,0.0,0.0,0,0,0,0,31:52,39,-10,2,535,13:54,12:40,01:13,00:00
1275:52,18,29,28,163,80,50,1,8,127:31,1111:24,28,48.62,17.8,4,0,1,1,36:57,32,15,47,1650,15:56,13:53,00:27,01:35
1593:56,42,12,44,182,70,59,2,25,232:16,1213:29,44,0.0,6.6,4,2,0,1,148:11,97,24,54,1734,22:46,17:20,02:07,03:19
952:48,26,8,20,100,64,104,2,8,128:32,815:28,20,11.76,8.0,1,0,0,0,08:48,34,4,34,1208,14:53,12:44,00:08,02:00
1326:57,14,22,71,213,78,225,3,3,57:09,1060:00,71,41.6,10.3,3,0,3,5,209:48,44,-19,36,1656,17:00,13:35,02:41,00:43
1637:10,87,41,62,246,82,44,15,48,305:41,1327:56,62,0.0,16.7,8,0,0,0,03:33,31,24,128,1765,19:57,16:11,00:02,03:43
902:44,10,7,76,84,82,125,0,0,03:54,780:43,76,53.72,8.3,3,0,1,1,118:07,68,4,17,1411,11:00,09:31,01:26,00:02
1267:04,26,22,66,130,80,83,5,9,113:10,1014:54,66,53.35,16.9,5,1,1,2,139:00,30,9,48,1597,15:50,12:41,01:44,01:24
960:16,4,13,80,87,80,269,0,0,03:44,796:15,80,52.6,14.9,1,0,2,2,160:17,61,7,17,1400,12:00,09:57,02:00,00:02
1494:36,51,41,28,191,79,31,20,35,265:58,1221:50,28,50.81,21.5,7,2,0,0,06:48,43,27,92,1675,18:55,15:27,00:05,03:22
1116:33,11,5,58,107,58,198,1,1,04:55,973:46,58,0.0,4.7,1,0,0,0,137:52,79,25,16,1416,19:15,16:47,02:22,00:05
1217:27,20,19,34,123,82,94,0,1,24:17,970:31,34,52.78,15.4,5,1,5,6,222:39,49,25,39,1644,14:50,11:50,02:42,00:17
1344:15,26,6,28,128,75,97,0,6,113:20,1214:24,28,50.0,4.7,0,0,0,0,16:31,93,12,32,1603,17:55,16:11,00:13,01:30
576:55,6,2,16,42,37,24,0,0,01:25,535:12,16,0.0,4.8,0,0,0,0,40:18,30,4,8,787,15:35,14:27,01:05,00:02
1038:53,18,16,10,141,64,28,4,9,178:39,859:56,10,44.44,11.3,1,1,0,0,00:18,19,-26,34,1263,16:13,13:26,00:00,02:47
1694:37,38,51,40,338,81,223,18,28,357:21,1336:39,40,20.0,15.1,5,0,0,0,00:37,41,7,89,1682,20:55,16:30,00:00,04:24
1284:10,29,25,36,143,69,133,6,14,231:33,1012:17,36,40.97,17.5,4,0,1,1,40:20,55,5,54,1422,18:36,14:40,00:35,03:21
1596:13,52,22,30,169,80,54,7,25,295:54,1226:25,30,48.64,13.0,5,1,0,0,73:54,30,2,74,1759,19:57,15:19,00:55,03:41
854:18,14,5,30,99,58,64,0,0,02:47,738:21,30,22.22,5.1,2,0,0,0,113:10,20,7,19,1153,14:43,12:43,01:57,00:02
1339:17,23,13,37,163,81,69,0,3,104:16,1045:54,37,48.96,8.0,1,1,1,3,189:07,47,-1,36,1576,16:32,12:54,02:20,01:17
2005:11,57,13,34,185,80,54,3,33,326:25,1472:33,34,0.0,7.0,1,0,0,0,206:13,164,21,70,2041,25:03,18:24,02:34,04:04
1774:11,26,3,33,101,82,137,0,1,66:42,1594:58,33,0.0,3.0,0,0,0,0,112:31,103,3,29,1914,21:38,19:27,01:22,00:48
1245:38,19,14,44,140,75,137,0,2,148:43,1007:02,44,27.77,10.0,2,1,1,1,89:53,52,-3,33,1730,16:36,13:25,01:11,01:58
1588:10,18,2,21,94,80,82,0,0,05:12,1388:08,21,0.0,2.1,0,0,0,1,194:50,105,4,20,2004,19:51,17:21,02:26,00:03
658:44,14,8,20,47,64,97,0,0,00:46,552:13,20,51.9,17.0,3,0,0,1,105:45,37,10,22,862,10:17,08:37,01:39,00:00
1454:56,21,1,61,71,82,202,0,0,04:13,1360:41,61,0.0,1.4,0,0,1,1,90:02,78,19,22,1792,17:44,16:35,01:05,00:03
1376:24,16,4,63,136,77,255,0,0,01:23,1172:55,63,0.0,2.9,0,0,0,0,202:06,133,6,20,1784,17:52,15:13,02:37,00:01
1428:06,51,21,50,193,76,46,8,23,278:30,1132:54,50,38.71,10.9,3,2,0,0,16:42,20,7,72,1508,18:47,14:54,00:13,03:39
520:54,15,5,6,35,53,13,0,2,13:59,476:36,6,36.19,14.3,1,0,0,0,30:19,21,6,20,695,09:49,08:59,00:34,00:15
1142:59,18,22,128,130,63,200,3,5,88:04,913:57,128,54.71,16.9,2,0,2,2,140:58,52,11,40,1340,18:08,14:30,02:14,01:23
800:01,8,11,56,77,76,200,0,0,13:57,656:31,56,46.66,14.3,5,0,2,2,129:33,36,14,19,1160,10:31,08:38,01:42,00:11
1151:18,23,24,27,161,82,47,1,4,93:17,1057:31,27,40.0,14.9,4,0,0,0,00:30,32,20,47,1415,14:02,12:53,00:00,01:08
367:59,4,0,10,12,26,31,0,0,00:13,340:24,10,0.0,0.0,0,0,0,0,27:22,44,6,4,481,14:09,13:05,01:03,00:00
1362:16,19,6,60,111,71,84,0,0,00:59,1244:30,60,0.0,5.4,3,0,0,0,116:47,135,24,25,1560,19:11,17:31,01:38,00:00
1489:33,23,5,41,165,78,124,2,10,127:06,1197:31,41,0.0,3.0,1,0,0,1,164:56,180,-6,28,2018,19:05,15:21,02:06,01:37
1369:50,13,1,20,102,74,187,0,0,07:06,1215:44,20,0.0,1.0,1,0,0,0,147:00,106,1,14,1694,18:30,16:25,01:59,00:05
1002:39,28,19,71,135,63,128,3,6,128:19,827:51,71,47.13,14.1,3,0,0,0,46:29,36,17,47,1267,15:54,13:08,00:44,02:02
1887:26,34,6,70,141,82,42,0,3,113:23,1607:41,70,0.0,4.3,1,1,0,1,166:22,144,13,40,2272,23:01,19:36,02:01,01:22
1722:34,46,35,40,235,82,42,9,23,268:16,1312:00,40,56.33,14.9,5,2,1,1,142:18,44,2,81,2090,21:00,16:00,01:44,03:16
1821:37,66,44,22,341,81,21,9,30,300:43,1516:46,22,20.0,12.9,7,3,0,0,04:08,18,2,110,1912,22:29,18:43,00:03,03:42
1144:39,19,9,81,101,70,136,0,0,07:08,1009:55,81,49.14,8.9,1,0,1,3,127:36,27,-6,28,1513,16:21,14:25,01:49,00:06
875:38,5,2,64,67,71,78,0,0,02:05,818:21,64,0.0,3.0,1,0,0,0,55:12,116,-4,7,1169,12:19,11:31,00:46,00:01
1415:05,24,23,12,195,80,52,5,6,117:55,1162:30,12,38.71,11.8,3,0,3,3,134:40,25,-9,47,1863,17:41,14:31,01:41,01:28
1013:25,8,5,40,84,52,119,0,0,01:31,903:06,40,0.0,6.0,1,0,0,0,108:48,91,12,13,1352,19:29,17:22,02:05,00:01
1115:24,13,1,12,74,60,97,1,4,48:55,945:10,12,0.0,1.4,1,0,0,0,121:19,116,9,14,1525,18:35,15:45,02:01,00:48
490:47,4,2,14,36,31,54,0,0,01:48,448:14,14,0.0,5.6,0,0,0,0,40:45,48,4,6,655,15:49,14:27,01:18,00:03
857:52,13,5,8,102,68,126,0,0,13:43,759:02,8,52.61,4.9,0,0,1,2,85:07,17,-6,18,1079,12:36,11:09,01:15,00:12
1260:02,37,20,20,145,78,13,6,16,233:38,1024:34,20,48.38,13.8,3,0,0,0,01:50,46,-8,57,1511,16:09,13:08,00:01,02:59
1451:24,35,41,15,220,82,35,13,24,267:49,1174:23,15,45.71,18.6,3,1,0,0,09:12,26,0,76,1666,17:42,14:19,00:06,03:15
146:19,2,2,4,16,12,1,1,1,11:45,134:34,4,66.66,12.5,0,0,0,0,00:00,1,-4,4,190,12:11,11:12,00:00,00:58
793:34,11,12,28,96,55,135,0,0,23:24,732:05,28,37.2,12.5,2,0,1,1,38:05,26,-5,23,1042,14:25,13:18,00:41,00:25
876:59,15,4,14,72,63,39,0,0,07:08,752:52,14,45.32,5.6,0,0,0,0,116:59,30,-6,19,1261,13:55,11:57,01:51,00:06
1142:18,15,5,39,59,52,79,0,0,12:05,999:47,39,0.0,8.5,3,1,0,0,130:26,94,2,20,1479,21:58,19:13,02:30,00:13
138:28,2,1,0,18,9,6,1,2,20:44,117:44,0,50.0,5.6,0,0,0,0,00:00,3,-5,3,182,15:23,13:04,00:00,02:18
949:10,9,7,16,71,52,18,4,9,126:57,811:09,16,100.0,9.9,1,0,0,0,11:04,50,-20,16,1219,18:15,15:35,00:12,02:26
1027:47,14,17,16,78,72,12,0,0,45:35,849:09,16,49.07,21.8,4,1,1,1,133:03,34,19,31,1389,14:16,11:47,01:50,00:37
816:37,6,2,12,47,44,14,0,0,02:56,698:46,12,0.0,4.3,1,0,1,1,114:55,53,-3,8,1157,18:33,15:52,02:36,00:04
1200:55,25,10,14,120,72,79,0,8,160:12,941:56,14,48.75,8.3,4,0,0,1,98:47,44,-7,35,1641,16:40,13:04,01:22,02:13
895:25,2,3,35,48,52,98,0,0,00:33,773:47,35,0.0,6.3,1,0,0,0,121:05,56,-10,5,1235,17:13,14:52,02:19,00:00
1093:26,13,6,38,95,71,185,1,2,43:54,916:40,38,50.48,6.3,0,0,1,1,132:52,34,-14,19,1465,15:24,12:54,01:52,00:37
889:02,10,7,20,107,61,50,0,0,02:50,771:21,20,44.44,6.5,0,0,1,4,114:51,26,-11,17,1264,14:34,12:38,01:52,00:02
724:31,14,2,22,91,41,101,0,1,03:21,693:03,22,0.0,2.2,0,0,0,0,28:07,43,0,16,991,17:40,16:54,00:41,00:04
466:43,7,6,14,68,32,21,1,1,45:30,420:27,14,50.0,8.8,1,0,0,0,00:46,7,-6,13,596,14:35,13:08,00:01,01:25
54:07,0,0,2,3,5,13,0,0,00:00,52:44,2,0.0,0.0,0,0,0,0,01:23,5,0,0,79,10:49,10:32,00:16,00:00
1220:02,9,1,53,57,74,137,0,0,01:53,980:22,53,0.0,1.8,0,0,0,1,237:47,131,5,10,1528,16:29,13:14,03:12,00:01
1231:31,13,10,15,102,78,198,0,0,09:30,1024:50,15,55.66,9.8,1,0,1,3,197:11,102,2,23,1818,15:47,13:08,02:31,00:07
685:38,13,7,40,70,65,159,2,2,33:01,633:22,40,47.82,10.0,3,0,0,0,19:15,26,10,20,976,10:32,09:44,00:17,00:30
762:55,8,2,46,48,50,72,0,0,02:03,713:03,46,0.0,4.2,1,0,0,0,47:49,63,-1,10,970,15:15,14:15,00:57,00:02
1205:41,26,21,36,131,73,76,3,6,125:29,1079:01,36,33.33,16.0,4,1,0,0,01:11,39,11,47,1547,16:30,14:46,00:00,01:43
1194:25,23,25,30,198,67,67,7,13,157:56,1036:11,30,44.0,12.6,1,1,0,0,00:18,23,-8,48,1436,17:49,15:27,00:00,02:21
788:55,7,14,28,117,68,51,2,4,50:08,731:45,28,14.28,12.0,0,0,0,0,07:02,22,-17,21,1069,11:36,10:45,00:06,00:44
1660:00,41,32,75,287,76,80,7,15,185:53,1374:25,75,54.5,11.1,4,4,2,3,99:42,38,-6,73,1973,21:50,18:05,01:18,02:26
404:55,4,2,6,43,32,30,0,0,28:41,375:33,6,28.57,4.7,1,0,0,0,00:41,8,-4,6,521,12:39,11:44,00:01,00:53
636:51,6,3,6,49,60,70,0,0,00:44,589:59,6,47.45,6.1,1,0,1,1,46:08,39,-5,9,874,10:36,09:49,00:46,00:00
918:12,18,5,30,73,46,66,1,5,77:11,787:20,30,0.0,6.8,0,0,0,1,53:41,32,-10,23,1201,19:57,17:06,01:10,01:40
914:41,5,0,28,39,57,38,0,0,01:33,817:36,28,0.0,0.0,0,0,0,0,95:32,61,-2,5,1197,16:02,14:20,01:40,00:01
353:28,3,1,8,15,22,61,0,0,00:48,296:44,8,0.0,6.7,0,0,0,0,55:56,38,5,4,523,16:04,13:29,02:32,00:02
1320:44,18,17,18,118,81,24,3,3,134:31,1029:18,18,51.76,14.4,1,0,0,1,156:55,70,27,35,1873,16:18,12:42,01:56,01:39
863:04,16,7,33,78,55,24,4,6,122:50,738:41,33,50.81,9.0,1,1,0,0,01:33,15,-6,23,1109,15:41,13:25,00:01,02:14
738:37,6,2,18,67,62,64,0,0,04:34,712:42,18,0.0,3.0,0,0,0,0,21:21,32,7,8,1039,11:54,11:29,00:20,00:04
2063:34,41,15,42,274,82,53,2,12,244:30,1606:42,42,0.0,5.5,4,0,0,1,212:22,144,9,56,2359,25:09,19:35,02:35,02:58
1374:54,39,31,8,172,73,28,6,14,187:28,1175:04,8,55.31,18.0,1,0,0,0,12:22,40,-3,70,1601,18:50,16:05,00:10,02:34
1969:10,34,7,20,149,82,71,1,5,171:39,1578:03,20,0.0,4.7,2,0,1,1,219:28,154,21,41,2320,24:00,19:14,02:40,02:05
1869:07,36,8,47,146,80,68,2,7,109:54,1580:55,47,0.0,5.5,3,1,0,2,178:18,107,27,44,2288,23:21,19:45,02:13,01:22
1149:34,17,21,20,205,76,77,4,8,190:50,958:00,20,48.14,10.2,2,0,0,0,00:44,33,11,38,1545,15:07,12:36,00:00,02:30
1219:00,16,10,12,106,79,56,1,2,73:05,1007:15,12,50.15,9.4,1,0,1,1,138:40,22,13,26,1688,15:25,12:45,01:45,00:55
536:15,9,7,39,64,37,109,1,1,02:35,470:10,39,43.75,10.9,1,0,0,0,63:30,28,11,16,744,14:29,12:42,01:42,00:04
1564:25,50,14,42,136,80,95,0,16,243:23,1206:56,42,53.52,10.3,6,1,1,2,114:06,23,7,64,2000,19:33,15:05,01:25,03:02
1449:08,38,16,24,189,79,46,2,20,202:28,1197:39,24,44.79,8.5,5,1,2,2,49:01,40,-8,54,1730,18:20,15:09,00:37,02:33
58:26,0,0,2,5,6,10,0,0,00:33,57:53,2,44.82,0.0,0,0,0,0,00:00,3,-1,0,86,09:44,09:38,00:00,00:05
530:20,8,5,10,81,53,32,0,0,01:31,527:53,10,57.14,6.2,0,0,0,0,00:56,20,-2,13,747,10:00,09:57,00:01,00:01
1191:27,22,28,26,217,64,100,7,10,193:39,930:54,26,14.28,12.9,4,1,2,2,66:54,29,8,50,1577,18:36,14:32,01:02,03:01
1203:19,15,15,23,111,75,109,1,2,87:31,967:34,23,53.09,13.5,3,1,0,1,148:14,52,20,30,1652,16:02,12:54,01:58,01:10
1110:27,14,34,26,195,58,18,3,4,168:41,867:35,26,11.76,17.4,7,0,2,3,74:11,23,12,48,1388,19:08,14:57,01:16,02:54
50:57,0,1,0,5,4,3,0,0,00:00,50:04,0,0.0,20.0,0,0,0,0,00:53,6,-1,1,67,12:44,12:31,00:13,00:00
1616:59,14,3,40,82,78,61,0,0,04:27,1441:29,40,0.0,3.7,1,0,0,0,171:03,127,-3,17,2077,20:43,18:28,02:11,00:03
1398:22,35,33,22,275,76,88,12,22,221:30,1172:10,22,66.66,12.0,5,1,0,0,04:42,40,8,68,1768,18:23,15:25,00:03,02:54
1029:41,17,10,14,114,65,55,2,5,83:17,819:38,14,37.93,8.8,0,0,1,2,126:46,50,2,27,1429,15:50,12:36,01:57,01:16
951:40,9,12,47,86,75,177,0,0,21:47,805:31,47,37.25,14.0,1,0,1,1,124:22,38,-6,21,1384,12:41,10:44,01:39,00:17
974:26,23,23,46,112,57,52,7,14,133:17,839:38,46,45.45,20.5,1,0,0,0,01:31,13,3,46,1189,17:05,14:43,00:01,02:20
398:17,4,3,6,21,25,11,0,0,00:30,355:26,6,0.0,14.3,1,0,0,1,42:21,35,8,7,568,15:55,14:13,01:41,00:01
912:55,8,2,47,75,59,95,0,0,02:13,772:04,47,0.0,2.7,0,0,0,1,138:38,72,9,10,1323,15:28,13:05,02:20,00:02
1709:28,28,13,22,168,71,62,3,15,195:30,1367:50,22,0.0,7.7,2,0,0,1,146:08,139,2,41,2061,24:04,19:15,02:03,02:45
1109:27,7,6,26,83,63,53,0,0,06:19,977:34,26,0.0,7.2,1,0,0,1,125:34,75,-13,13,1410,17:36,15:31,01:59,00:06
1177:07,25,13,20,141,72,52,2,8,172:26,913:18,20,54.33,9.2,3,0,0,0,91:23,33,-3,38,1534,16:20,12:41,01:16,02:23
1702:13,49,28,12,234,82,31,6,22,234:08,1304:28,12,56.85,12.0,5,2,1,3,163:37,36,22,77,2103,20:45,15:54,01:59,02:51
1338:28,37,17,40,159,72,111,4,12,172:29,1122:40,40,47.5,10.7,5,1,0,0,43:19,31,3,54,1642,18:35,15:35,00:36,02:23
1838:45,24,11,47,217,82,156,6,10,241:11,1456:11,47,0.0,5.1,3,0,0,0,141:23,121,9,35,2150,22:25,17:45,01:43,02:56
1250:50,25,11,16,183,69,61,2,5,156:03,1055:02,16,48.64,6.0,1,0,0,0,39:45,27,-6,36,1576,18:07,15:17,00:34,02:15
1822:41,18,10,15,176,80,127,4,8,104:29,1605:16,15,0.0,5.7,3,1,0,1,112:56,157,20,28,2329,22:47,20:03,01:24,01:18
1022:35,17,14,22,113,74,101,0,1,27:52,872:29,22,41.95,12.4,2,0,1,2,122:14,31,-1,31,1384,13:49,11:47,01:39,00:22
232:56,2,3,10,33,29,49,0,0,00:06,232:34,10,0.0,9.1,1,0,0,0,00:16,4,0,5,336,08:01,08:01,00:00,00:00
686:17,6,3,16,55,60,72,0,0,04:50,594:53,16,42.36,5.5,0,0,0,0,86:34,29,-13,9,958,11:26,09:54,01:26,00:04
754:44,12,8,21,77,60,48,0,1,10:12,711:50,21,61.53,10.4,2,0,0,0,32:42,37,8,20,1037,12:34,11:51,00:32,00:10
921:08,12,14,17,60,80,86,0,0,04:01,790:46,17,45.57,23.3,1,0,2,2,126:21,31,-4,26,1336,11:30,09:53,01:34,00:03
315:18,2,2,6,27,32,93,0,0,06:14,309:04,6,50.0,7.4,0,0,0,0,00:00,12,-1,4,429,09:51,09:39,00:00,00:11
1367:32,23,12,45,150,78,48,3,8,164:59,1194:12,45,0.0,8.0,4,1,0,0,08:21,68,14,35,1820,17:31,15:18,00:06,02:06
154:33,2,1,4,16,16,2,0,0,04:44,149:49,4,100.0,6.3,0,0,0,0,00:00,3,-1,3,213,09:39,09:21,00:00,00:17
915:05,24,9,14,80,70,13,3,7,88:51,816:15,14,44.09,11.3,0,0,0,0,09:59,22,-2,33,1181,13:04,11:39,00:08,01:16
371:36,2,1,12,28,24,21,0,0,03:25,336:49,12,0.0,3.6,1,0,0,0,31:22,43,-2,3,475,15:29,14:02,01:18,00:08
1890:39,57,17,69,221,78,58,3,21,258:14,1424:26,69,0.0,7.7,2,0,4,6,207:59,144,39,74,2177,24:14,18:15,02:39,03:18
1045:38,14,6,91,74,79,259,2,4,106:07,939:31,91,55.55,8.1,0,0,0,0,00:00,22,-9,20,1422,13:14,11:53,00:00,01:20
1377:41,26,21,52,205,77,52,1,2,126:37,1143:36,52,49.56,10.2,4,1,1,2,107:28,26,34,47,1786,17:53,14:51,01:23,01:38
1439:44,12,7,33,128,69,44,0,0,12:59,1229:46,33,0.0,5.5,1,0,1,3,196:59,167,21,19,1758,20:51,17:49,02:51,00:11
223:06,5,0,10,12,14,27,0,0,07:05,189:39,10,0.0,0.0,0,0,0,0,26:22,16,0,5,303,15:56,13:32,01:53,00:30
1696:13,25,9,24,102,79,21,1,4,77:08,1465:44,24,0.0,8.8,1,1,1,1,153:21,86,29,34,2084,21:28,18:33,01:56,00:58
163:52,2,1,20,11,23,47,0,0,00:07,163:45,20,20.0,9.1,1,0,0,0,00:00,8,1,3,251,07:07,07:07,00:00,00:00
1680:06,12,2,52,75,81,105,0,0,04:19,1490:38,52,0.0,2.7,1,0,0,0,185:09,139,-13,14,2075,20:44,18:24,02:17,00:03
1646:05,63,36,24,245,82,12,6,27,273:30,1368:31,24,33.33,14.7,8,3,0,0,04:04,12,18,99,1923,20:04,16:41,00:02,03:20
847:09,11,0,8,92,67,69,0,2,24:01,734:16,8,20.0,0.0,0,0,0,0,88:52,44,-8,11,1220,12:38,10:57,01:19,00:21
1003:55,18,14,12,99,79,30,0,0,18:40,831:38,12,51.95,14.1,1,0,5,8,153:37,56,6,32,1458,12:42,10:31,01:56,00:14
1784:11,43,17,34,160,79,100,4,18,239:38,1535:27,34,0.0,10.6,3,2,0,0,09:06,115,-6,60,2019,22:35,19:26,00:06,03:02
1623:07,51,27,20,182,81,82,9,26,259:07,1178:22,20,54.32,14.8,5,0,1,4,185:38,39,30,78,2062,20:02,14:32,02:17,03:11
1486:16,48,34,12,211,78,36,12,23,256:44,1224:47,12,51.12,16.1,5,0,0,0,04:45,24,7,82,1805,19:03,15:42,00:03,03:17
943:35,14,13,93,115,71,121,4,6,108:33,821:25,93,55.55,11.3,2,0,0,0,13:37,27,-6,27,1276,13:17,11:34,00:11,01:31
463:56,5,8,12,65,44,43,0,0,19:52,441:30,12,66.66,12.3,1,0,0,0,02:34,17,11,13,653,10:32,10:02,00:03,00:27
1661:52,28,5,12,116,80,87,1,5,88:05,1436:55,12,0.0,4.3,2,0,1,2,136:52,83,18,33,2075,20:46,17:57,01:42,01:06
1267:07,17,2,23,115,79,52,0,2,79:10,1158:46,23,0.0,1.7,0,0,0,0,29:11,83,17,19,1639,16:02,14:40,00:22,01:00
472:02,5,3,10,21,38,11,0,0,00:44,469:59,10,0.0,14.3,1,0,0,0,01:19,41,3,8,633,12:25,12:22,00:02,00:01
1118:07,25,13,24,103,81,19,2,7,136:26,824:45,24,58.2,12.6,1,0,0,4,156:56,19,21,38,1579,13:48,10:10,01:56,01:41
1407:55,43,34,62,207,80,104,11,24,255:29,1149:30,62,46.15,16.4,2,0,0,0,02:56,13,14,77,1696,17:35,14:22,00:02,03:11
251:41,4,1,4,22,25,11,0,0,11:45,232:39,4,40.0,4.5,0,0,0,0,07:17,3,2,5,350,10:04,09:18,00:17,00:28
881:34,15,12,8,104,65,55,5,7,135:14,745:38,8,38.46,11.5,2,0,0,0,00:42,31,-6,27,1182,13:33,11:28,00:00,02:04
1163:44,15,11,58,141,82,115,1,2,17:37,961:39,58,43.61,7.8,0,0,0,2,184:28,51,-10,26,1577,14:11,11:43,02:14,00:12
1181:51,28,16,43,184,73,85,4,13,188:49,991:51,43,55.2,8.7,5,0,0,0,01:11,13,-2,44,1499,16:11,13:35,00:00,02:35
1542:18,56,31,54,193,74,59,16,33,302:42,1238:05,54,36.95,16.1,4,1,0,0,01:31,41,13,87,1704,20:50,16:43,00:01,04:05
1745:10,18,7,38,144,80,124,0,0,28:41,1468:43,38,0.0,4.9,1,1,0,0,247:46,143,8,25,2157,21:48,18:21,03:05,00:21
1402:41,13,2,115,82,71,107,0,0,05:56,1163:38,115,0.0,2.4,0,0,0,0,233:07,178,-1,15,1682,19:45,16:23,03:17,00:05
182:42,0,1,4,11,12,13,0,0,00:00,152:32,4,0.0,9.1,0,0,0,0,30:10,14,-6,1,232,15:13,12:42,02:30,00:00
917:35,7,1,22,75,50,108,0,0,05:35,774:07,22,0.0,1.3,0,0,0,2,137:53,75,-2,8,1133,18:21,15:28,02:45,00:06
1073:51,23,14,10,115,80,36,1,3,47:24,1022:43,10,10.0,12.2,4,0,0,0,03:44,36,10,37,1469,13:25,12:47,00:02,00:35
881:19,19,4,8,86,64,50,0,0,03:34,709:31,8,52.94,4.7,1,0,1,3,168:14,26,2,23,1240,13:46,11:05,02:37,00:03
1543:51,41,34,51,243,73,120,10,27,299:13,1222:45,51,52.01,14.0,9,0,0,0,21:53,64,17,75,1711,21:08,16:45,00:17,04:05
1231:48,20,11,44,119,78,140,1,3,108:30,995:01,44,40.74,9.2,3,0,2,5,128:17,62,-7,31,1651,15:47,12:45,01:38,01:23
288:42,2,3,2,26,26,32,0,0,00:03,257:02,2,0.0,11.5,0,0,0,0,31:37,51,4,5,405,11:06,09:53,01:12,00:00
845:32,13,12,14,100,76,35,1,1,18:26,823:23,14,35.0,12.0,4,0,0,0,03:43,29,2,25,1060,11:07,10:50,00:02,00:14
1153:24,16,16,31,118,66,33,4,9,205:51,822:45,31,49.18,13.6,3,0,3,3,124:48,59,-8,32,1441,17:28,12:27,01:53,03:07
1811:30,58,41,34,365,82,54,12,37,335:26,1467:20,34,43.7,11.2,6,1,0,0,08:44,31,20,99,2024,22:05,17:53,00:06,04:05
679:16,10,0,0,65,57,71,0,0,19:18,642:49,0,50.0,0.0,0,0,0,0,17:09,32,-4,10,1027,11:55,11:16,00:18,00:20
1204:16,7,7,75,100,70,228,0,0,04:54,1081:35,75,0.0,7.0,0,0,0,0,117:47,67,19,14,1487,17:12,15:27,01:40,00:04
944:40,9,6,6,108,76,71,0,0,05:53,790:53,6,54.72,5.6,0,0,2,2,147:54,51,2,15,1196,12:25,10:24,01:56,00:04
207:54,3,2,10,22,23,20,1,1,22:58,169:16,10,50.0,9.1,0,0,1,1,15:40,4,-2,5,295,09:02,07:21,00:40,00:59
910:25,15,11,14,114,70,48,4,5,145:07,764:43,14,37.67,9.6,3,0,0,0,00:35,35,-2,26,1143,13:00,10:55,00:00,02:04
1631:11,23,4,6,116,82,65,0,9,166:15,1453:56,6,100.0,3.4,0,0,0,0,11:00,90,8,27,1966,19:53,17:43,00:08,02:01
932:08,21,5,28,92,43,60,0,3,83:56,840:31,28,0.0,5.4,0,0,0,0,07:41,56,-1,26,1185,21:40,19:32,00:10,01:57
942:22,12,7,28,141,63,46,2,6,139:03,802:18,28,45.45,5.0,1,0,0,0,01:01,19,-5,19,1252,14:57,12:44,00:00,02:12
1470:46,13,3,27,63,72,93,0,0,16:24,1314:01,27,0.0,4.8,0,0,0,1,140:21,185,5,16,1858,20:25,18:15,01:56,00:13
506:54,6,12,2,81,51,49,2,5,82:08,424:46,2,100.0,14.8,1,0,0,0,00:00,14,-6,18,683,09:56,08:19,00:00,01:36
1238:50,16,22,32,123,73,85,8,15,191:16,1002:45,32,31.81,17.9,1,0,1,2,44:49,31,-1,38,1572,16:58,13:44,00:36,02:37
1169:21,11,15,102,111,79,191,0,0,07:13,1063:53,102,0.0,13.5,3,0,1,1,98:15,15,-6,26,1564,14:48,13:28,01:14,00:05
1103:51,10,9,17,110,82,72,0,0,04:10,936:24,17,52.32,8.2,2,0,1,2,163:17,44,-9,19,1627,13:27,11:25,01:59,00:03
922:37,10,12,15,92,68,161,0,0,04:10,809:36,15,32.43,13.0,1,0,0,1,108:51,39,1,22,1397,13:34,11:54,01:36,00:03
1648:23,41,28,26,208,82,69,8,26,265:49,1243:31,26,45.11,13.5,3,0,1,3,139:03,40,-13,69,1997,20:06,15:09,01:41,03:14
1773:06,17,3,44,117,82,256,0,0,05:55,1602:30,44,0.0,2.6,0,0,0,1,164:41,128,-28,20,2243,21:37,19:32,02:00,00:04
1462:42,23,5,16,167,61,44,1,11,161:53,1191:16,16,0.0,3.0,2,1,0,0,109:33,102,-11,28,1695,23:58,19:31,01:47,02:39
754:01,15,3,43,64,60,123,0,0,23:26,661:24,43,43.65,4.7,0,0,1,2,69:11,33,-12,18,1073,12:34,11:01,01:09,00:23
1290:04,24,30,38,216,76,33,3,11,168:48,1114:46,38,42.85,13.9,4,1,0,0,06:30,26,-9,54,1677,16:58,14:40,00:05,02:13
1046:10,12,5,33,94,70,109,0,1,39:24,919:56,33,0.0,5.3,0,0,0,1,86:50,59,11,17,1499,14:56,13:08,01:14,00:33
1953:16,31,10,87,196,82,162,1,9,151:16,1644:16,87,0.0,5.1,1,1,0,1,157:44,146,-5,41,2306,23:49,20:03,01:55,01:50
1852:27,55,50,52,231,82,57,16,29,274:20,1483:27,52,50.52,21.6,5,3,3,3,94:40,26,2,105,2126,22:35,18:05,01:09,03:20
1781:18,75,41,20,240,78,39,9,33,266:53,1465:37,20,46.62,17.1,9,3,1,2,48:48,30,3,116,1998,22:50,18:47,00:37,03:25
336:33,5,1,6,21,17,20,0,1,11:40,305:49,6,0.0,4.8,0,0,0,0,19:04,18,-9,6,434,19:47,17:59,01:07,00:41
52:44,0,0,2,6,6,9,0,0,01:03,48:57,2,0.0,0.0,0,0,0,0,02:44,2,0,0,76,08:47,08:09,00:27,00:10
222:02,1,1,2,13,17,18,0,1,15:24,199:50,2,0.0,7.7,0,0,0,0,06:48,11,-6,2,298,13:03,11:45,00:24,00:54
1000:44,23,17,58,156,71,182,6,13,138:02,861:03,58,31.5,10.9,3,0,0,0,01:39,19,13,40,1406,14:05,12:07,00:01,01:56
1066:17,10,14,32,151,76,44,3,7,172:55,892:48,32,36.58,9.3,2,0,0,0,00:34,23,5,24,1439,14:01,11:44,00:00,02:16
88:04,0,0,0,5,8,3,0,0,00:17,87:47,0,0.0,0.0,0,0,0,0,00:00,7,-4,0,134,11:00,10:58,00:00,00:02
1139:16,18,11,22,107,81,3,1,3,102:57,939:57,22,33.33,10.3,2,0,0,0,96:22,28,-11,29,1668,14:03,11:36,01:11,01:16
1375:55,24,10,54,128,56,127,4,17,174:43,1052:17,54,0.0,7.8,2,2,0,1,148:55,166,3,34,1683,24:34,18:47,02:39,03:07
454:09,2,4,6,43,26,33,1,1,23:25,349:21,6,48.48,9.3,0,0,1,1,81:23,13,-12,6,676,17:28,13:26,03:07,00:54
778:19,10,3,18,45,57,102,0,0,02:23,623:20,18,56.2,6.7,0,0,1,1,152:36,33,-8,13,1239,13:39,10:56,02:40,00:02
1627:45,22,9,63,156,80,97,0,7,92:39,1361:23,63,0.0,5.8,3,0,1,2,173:43,99,11,31,1806,20:20,17:01,02:10,01:09
1473:42,17,5,39,93,81,124,0,0,01:54,1246:40,39,0.0,5.4,1,0,0,0,225:08,128,15,22,1947,18:11,15:23,02:46,00:01
894:20,22,9,118,84,65,87,0,0,03:42,833:54,118,50.0,10.7,1,0,0,0,56:44,50,5,31,1402,13:45,12:49,00:52,00:03
1109:13,10,2,18,51,55,29,0,0,06:47,922:44,18,0.0,3.9,0,0,0,0,179:42,122,3,12,1530,20:10,16:46,03:16,00:07
1411:25,21,13,23,226,82,39,3,5,168:53,1136:59,23,47.05,5.8,3,2,0,0,105:33,23,-16,34,1902,17:12,13:51,01:17,02:03
1099:52,34,13,30,108,75,115,4,20,193:19,904:22,30,49.42,12.0,4,0,0,0,02:11,23,8,47,1360,14:39,12:03,00:01,02:34
1124:05,9,18,25,147,80,128,3,5,99:05,1003:35,25,29.41,12.2,1,0,0,0,21:25,41,-15,27,1625,14:03,12:32,00:16,01:14
945:20,7,9,10,114,74,200,0,0,02:54,815:59,10,31.25,7.9,1,0,2,2,126:27,52,-12,16,1425,12:46,11:01,01:42,00:02
1708:31,34,27,33,227,82,62,7,18,281:58,1389:29,33,53.66,11.9,3,2,2,3,37:04,63,-4,61,2217,20:50,16:56,00:27,03:26
1037:20,10,15,44,154,70,154,2,2,86:56,948:40,44,33.33,9.7,1,0,0,0,01:44,37,-4,25,1522,14:49,13:33,00:01,01:14
1322:18,30,26,22,209,69,14,6,15,244:10,1076:17,22,43.33,12.4,3,1,0,0,01:51,22,-2,56,1621,19:09,15:35,00:01,03:32
613:09,7,5,18,55,56,48,0,2,76:36,536:28,18,40.43,9.1,1,0,0,0,00:05,15,-8,12,897,10:56,09:34,00:00,01:22
1553:31,21,2,32,105,78,91,0,2,68:41,1372:46,32,0.0,1.9,0,0,1,1,112:04,96,9,23,1915,19:55,17:35,01:26,00:52
28:44,1,0,5,2,4,4,0,0,02:40,25:53,5,0.0,0.0,0,0,0,0,00:11,1,-4,1,47,07:11,06:28,00:02,00:40
1294:04,38,28,12,144,71,42,10,22,254:24,1034:59,12,40.98,19.4,7,1,0,0,04:41,51,3,66,1598,18:13,14:34,00:03,03:34
976:00,2,2,17,70,61,91,0,0,14:56,888:54,17,0.0,2.9,0,0,0,0,72:10,74,3,4,1295,16:00,14:34,01:10,00:14
90:24,3,0,2,6,5,1,0,2,06:24,84:00,2,0.0,0.0,0,0,0,0,00:00,1,0,3,109,18:04,16:48,00:00,01:16
1304:00,34,14,58,133,67,150,1,11,180:24,1081:28,58,54.33,10.5,2,1,0,0,42:08,74,-19,48,1568,19:27,16:08,00:37,02:41
912:43,13,7,31,129,70,140,2,7,116:00,784:44,31,56.95,5.4,1,0,0,0,11:59,30,0,20,1175,13:02,11:12,00:10,01:39
715:12,9,1,8,45,42,129,0,0,03:46,639:49,8,0.0,2.2,0,0,0,0,71:37,53,-2,10,925,17:01,15:14,01:42,00:05
1349:00,24,18,24,122,82,78,8,13,189:21,1069:33,24,52.72,14.8,3,0,0,1,90:06,71,-5,42,1772,16:27,13:02,01:05,02:18
1248:15,19,24,28,163,73,38,3,11,153:23,969:40,28,37.25,14.7,4,1,2,3,125:12,43,-9,43,1639,17:05,13:16,01:42,02:06
481:49,3,2,22,48,48,135,0,0,01:31,461:42,22,100.0,4.2,0,0,1,1,18:36,22,-12,5,668,10:02,09:37,00:23,00:01
85:55,1,1,0,11,11,14,0,0,00:56,80:01,0,42.1,9.1,0,0,0,0,04:58,3,2,2,113,07:48,07:16,00:27,00:05
497:00,6,1,38,50,44,80,0,0,00:01,487:21,38,0.0,2.0,0,0,0,0,09:38,37,5,7,685,11:17,11:04,00:13,00:00
1378:42,18,5,20,88,59,32,1,6,148:04,1141:46,20,0.0,5.7,2,1,0,1,88:52,91,-14,23,1727,23:22,19:21,01:30,02:30
1385:32,8,2,87,94,76,184,0,0,03:23,1226:23,87,0.0,2.1,1,0,0,1,155:46,84,-20,10,1870,18:13,16:08,02:02,00:02
1650:43,13,3,62,96,74,184,0,0,09:36,1406:07,62,0.0,3.1,0,0,0,1,235:00,90,-8,16,2099,22:18,19:00,03:10,00:07
1274:37,25,18,27,194,69,82,6,13,169:02,1075:05,27,35.41,9.3,2,1,0,0,30:30,38,-13,43,1526,18:28,15:34,00:26,02:26
1823:36,22,6,44,125,76,81,1,6,92:50,1496:33,44,0.0,4.8,0,0,0,1,234:13,133,-5,28,2281,23:59,19:41,03:04,01:13
610:43,9,1,4,33,45,18,0,0,03:15,606:23,4,0.0,3.0,0,0,0,0,01:05,28,9,10,782,13:34,13:28,00:01,00:04
778:10,13,7,12,53,62,178,0,0,04:11,656:07,12,49.28,13.2,0,0,1,1,117:52,35,0,20,1117,12:33,10:34,01:54,00:04
66:34,0,1,0,5,8,5,0,0,01:36,64:58,0,0.0,20.0,0,0,0,0,00:00,0,0,1,94,08:19,08:07,00:00,00:12
1075:44,23,11,16,114,77,54,1,7,105:36,960:14,16,16.66,9.6,2,0,0,0,09:54,36,13,34,1345,13:58,12:28,00:07,01:22
838:37,5,0,16,57,49,41,0,0,02:12,775:57,16,0.0,0.0,0,0,0,0,60:28,59,-4,5,1163,17:06,15:50,01:14,00:02
329:14,5,6,8,33,22,9,0,2,35:00,282:42,8,49.09,18.2,0,0,1,1,11:32,6,2,11,421,14:57,12:51,00:31,01:35
395:14,3,2,14,58,30,30,0,1,19:12,353:07,14,33.33,3.4,1,0,0,0,22:55,5,-1,5,549,13:10,11:46,00:45,00:38
90:03,1,1,4,14,7,14,1,1,13:28,68:02,4,59.21,7.1,0,0,0,0,08:33,4,-4,2,140,12:51,09:43,01:13,01:55
459:30,4,6,27,59,31,21,2,4,56:32,402:40,27,0.0,10.2,1,0,0,0,00:18,14,-16,10,572,14:49,12:59,00:00,01:49
1428:18,26,38,22,188,75,69,12,21,221:31,1153:04,22,53.18,20.2,6,1,1,1,53:43,61,-4,64,1809,19:02,15:22,00:42,02:57
1384:48,43,29,54,209,70,60,7,23,216:57,1165:41,54,37.5,13.9,7,1,0,0,02:10,83,22,72,1768,19:46,16:39,00:01,03:05
1210:56,11,7,42,102,77,208,0,0,03:53,1047:06,42,43.86,6.9,2,0,0,0,159:57,40,-7,18,1776,15:43,13:35,02:04,00:03
395:44,4,0,6,28,24,17,0,1,12:23,351:46,6,0.0,0.0,0,0,0,0,31:35,21,3,4,548,16:29,14:39,01:18,00:30
1475:57,8,1,69,77,77,191,0,0,02:40,1269:54,69,0.0,1.3,0,0,0,0,203:23,152,6,9,1878,19:10,16:29,02:38,00:02
982:05,11,6,22,106,78,68,1,1,05:02,870:09,22,37.93,5.7,1,0,0,0,106:54,32,1,17,1547,12:35,11:09,01:22,00:03
1421:42,26,27,56,189,78,142,8,11,205:22,1187:58,56,49.04,14.3,2,0,0,0,28:22,71,14,53,1968,18:13,15:13,00:21,02:37
139:21,1,0,0,9,11,11,0,0,10:54,128:27,0,52.54,0.0,0,0,0,0,00:00,7,-4,1,206,12:40,11:40,00:00,00:59
1701:22,47,33,18,334,82,74,9,27,245:01,1385:10,18,53.86,9.9,8,2,0,0,71:11,47,17,80,2278,20:44,16:53,00:52,02:59
1569:57,35,10,12,153,64,42,5,20,190:43,1330:47,12,0.0,6.5,5,0,0,0,48:27,77,6,45,1719,24:31,20:47,00:45,02:58
748:18,7,4,14,86,54,19,0,2,12:34,683:43,14,0.0,4.7,0,0,0,1,52:01,58,2,11,1101,13:51,12:39,00:57,00:13
839:42,8,4,45,55,57,135,0,0,04:33,813:54,45,0.0,7.3,0,0,0,0,21:15,59,5,12,1175,14:43,14:16,00:22,00:04
1330:49,15,15,54,114,81,103,1,3,72:07,1127:45,54,50.35,13.2,1,0,1,2,130:57,65,-3,30,1953,16:25,13:55,01:37,00:53
1994:47,21,11,33,132,82,143,4,7,95:27,1633:36,33,0.0,8.3,1,0,2,2,265:44,161,14,32,2314,24:19,19:55,03:14,01:09
1232:32,19,6,24,105,81,28,0,1,26:20,1085:13,24,38.46,5.7,0,0,0,1,120:59,44,-4,25,1774,15:12,13:23,01:29,00:19
896:01,16,6,23,94,67,106,0,0,06:48,790:44,23,42.85,6.4,2,2,0,0,98:29,50,9,22,1392,13:22,11:48,01:28,00:06
815:16,13,9,24,99,58,87,3,6,102:18,697:03,24,54.25,9.1,3,1,0,0,15:55,36,-11,22,1270,14:03,12:01,00:16,01:45
228:19,3,1,0,23,21,23,0,1,23:07,204:15,0,50.0,4.3,0,0,0,0,00:57,9,-3,4,349,10:52,09:43,00:02,01:06
1895:17,21,12,16,182,82,34,2,8,136:35,1644:53,16,0.0,6.6,4,0,0,1,113:49,71,-14,33,2282,23:06,20:03,01:23,01:39
1380:00,20,13,42,174,76,80,5,13,187:14,1097:28,42,51.26,7.5,1,0,1,2,95:18,30,-20,33,1827,18:09,14:26,01:15,02:27
1469:14,29,22,24,180,72,150,9,12,185:13,1161:32,24,5.88,12.2,3,2,1,2,122:29,29,-17,51,1823,20:24,16:07,01:42,02:34
1806:50,38,22,30,156,81,59,1,19,229:54,1417:42,30,55.08,14.1,3,0,2,2,159:14,66,-20,60,2146,22:18,17:30,01:57,02:50
617:00,9,3,9,87,44,53,0,0,04:22,549:00,9,45.96,3.4,1,0,0,0,63:38,25,-9,12,862,14:01,12:28,01:26,00:05
2180:48,37,8,44,154,82,168,7,24,240:20,1739:15,44,0.0,5.2,1,1,0,1,201:13,120,-34,45,2393,26:35,21:12,02:27,02:55
275:34,5,1,4,28,30,35,1,1,31:39,243:55,4,0.0,3.6,0,0,0,0,00:00,4,-9,6,389,09:11,08:07,00:00,01:03
1542:33,15,5,43,114,69,55,1,8,127:54,1256:31,43,0.0,4.4,1,0,0,1,158:08,102,-23,20,1908,22:21,18:12,02:17,01:51
562:04,7,0,15,35,44,43,0,0,01:36,549:28,15,0.0,0.0,0,0,0,0,11:00,39,-1,7,710,12:46,12:29,00:15,00:02
102:49,1,0,11,5,11,26,0,0,00:32,97:44,11,0.0,0.0,0,0,0,0,04:33,4,-1,1,146,09:20,08:53,00:24,00:02
1174:31,16,12,50,118,81,86,0,4,109:24,1020:53,50,42.62,10.2,2,0,0,0,44:14,21,-10,28,1696,14:30,12:36,00:32,01:21
438:52,7,6,6,37,43,16,0,0,27:44,410:59,6,43.04,16.2,0,0,0,0,00:09,13,-1,13,606,10:12,09:33,00:00,00:38
553:36,9,12,16,67,62,142,0,0,03:18,550:18,16,33.33,17.9,0,0,0,0,00:00,9,2,21,827,08:55,08:52,00:00,00:03
428:16,4,2,8,34,25,38,0,0,03:45,386:40,8,0.0,5.9,1,0,0,0,37:51,47,-1,6,545,17:07,15:28,01:30,00:09
227:21,6,2,2,26,25,15,0,0,05:59,220:36,2,0.0,7.7,0,0,0,0,00:46,7,1,8,335,09:05,08:49,00:01,00:14
1380:02,18,15,22,148,82,87,2,6,133:19,1214:05,22,29.16,10.1,2,0,0,0,32:38,54,-17,33,1817,16:49,14:48,00:23,01:37
601:50,7,3,8,55,39,43,1,1,05:18,593:05,8,0.0,5.5,0,0,0,0,03:27,40,-8,10,783,15:25,15:12,00:05,00:08
11:12,0,0,0,1,1,0,0,0,00:00,11:12,0,50.0,0.0,0,0,0,0,00:00,1,-1,0,14,11:12,11:12,00:00,00:00
1297:59,42,3,22,169,53,44,2,20,165:04,1035:26,22,0.0,1.8,1,0,0,0,97:29,69,6,45,1384,24:29,19:32,01:50,03:06
262:19,1,1,8,14,20,36,0,0,00:26,237:55,8,0.0,7.1,0,0,0,0,23:58,20,1,2,343,13:06,11:53,01:11,00:01
1464:31,39,35,18,176,77,53,11,15,220:50,1116:27,18,51.47,19.9,5,1,1,2,127:14,64,5,74,1834,19:01,14:29,01:39,02:52
1135:02,35,16,20,90,73,17,3,15,138:21,996:07,20,52.74,17.8,4,0,0,0,00:34,14,8,51,1492,15:32,13:38,00:00,01:53
2058:08,67,16,34,300,82,90,7,28,269:05,1624:26,34,0.0,5.3,6,2,1,5,164:37,105,13,83,2200,25:05,19:48,02:00,03:16
1515:04,22,3,10,100,72,23,0,1,54:41,1272:31,10,0.0,3.0,0,0,0,0,187:52,114,-6,25,1847,21:02,17:40,02:36,00:45
1506:11,43,27,22,204,81,65,6,18,234:34,1145:08,22,46.3,13.2,3,0,2,2,126:29,52,-6,70,1970,18:35,14:08,01:33,02:53
1380:47,26,30,153,268,75,173,5,11,143:51,1162:58,153,43.39,11.2,1,0,1,2,73:58,25,-4,56,1734,18:24,15:30,00:59,01:55
1037:01,13,17,23,100,80,88,0,0,24:16,928:13,23,38.71,17.0,1,0,1,2,84:32,29,10,30,1478,12:57,11:36,01:03,00:18
531:38,11,2,10,41,37,16,1,3,50:53,479:43,10,0.0,4.9,0,0,0,0,01:02,31,9,13,671,14:22,12:57,00:01,01:22
137:56,1,0,15,7,10,17,0,0,00:31,123:59,15,0.0,0.0,0,0,0,0,13:26,15,-4,1,201,13:47,12:23,01:20,00:03
522:01,5,3,28,64,41,95,0,0,28:06,493:06,28,41.07,4.7,0,0,0,0,00:49,21,-19,8,674,12:43,12:01,00:01,00:41
908:28,4,12,26,79,79,67,0,0,03:40,788:26,26,55.55,15.2,2,0,0,0,116:22,39,-1,16,1405,11:29,09:58,01:28,00:02
1149:37,39,17,36,130,82,66,2,20,190:31,958:07,36,39.13,13.1,4,2,0,0,00:59,16,-1,56,1515,14:01,11:41,00:00,02:19
29:48,1,0,2,0,3,1,0,0,00:00,28:37,2,0.0,0.0,0,0,0,0,01:11,2,-1,1,41,09:56,09:32,00:23,00:00
1323:52,36,30,55,250,78,99,6,10,140:52,1142:52,55,31.57,12.0,2,2,0,1,40:08,40,9,66,1730,16:58,14:39,00:30,01:48
69:02,0,0,2,6,8,13,0,0,00:15,66:02,2,51.28,0.0,0,0,0,0,02:45,1,1,0,98,08:37,08:15,00:20,00:01
623:52,8,1,8,41,41,67,0,0,02:00,587:25,8,0.0,2.4,1,0,0,0,34:27,34,7,9,850,15:12,14:19,00:50,00:02
305:34,5,3,4,42,27,10,0,0,01:19,302:05,4,44.54,7.1,0,0,0,0,02:10,11,1,8,447,11:19,11:11,00:04,00:02
753:41,8,6,36,63,61,147,0,0,04:58,669:45,36,57.08,9.5,0,0,0,1,78:58,28,-16,14,1178,12:21,10:58,01:17,00:04
1395:56,20,27,60,230,82,214,3,7,112:20,1173:46,60,31.57,11.7,5,0,2,3,109:50,40,25,47,1814,17:01,14:18,01:20,01:22
25:32,0,1,0,6,2,2,0,0,00:00,25:32,0,0.0,16.7,0,0,0,0,00:00,1,3,1,32,12:46,12:46,00:00,00:00
1292:23,18,17,44,141,73,175,2,4,179:03,1049:26,44,56.59,12.1,2,0,0,0,63:54,51,12,35,1618,17:42,14:22,00:52,02:27
845:30,9,3,19,79,78,72,0,0,06:14,816:40,19,45.04,3.8,1,0,0,0,22:36,43,-8,12,1157,10:50,10:28,00:17,00:04
1419:06,38,22,12,204,81,36,2,12,173:25,1243:43,12,50.0,10.8,3,1,0,0,01:58,23,1,60,1818,17:31,15:21,00:01,02:08
1550:14,28,41,20,295,80,27,8,14,214:52,1228:17,20,31.57,13.9,8,0,4,4,107:05,25,3,69,1951,19:22,15:21,01:20,02:41
1618:59,16,8,36,124,82,122,0,0,06:37,1472:11,36,0.0,6.5,1,0,0,0,140:11,123,19,24,2083,19:44,17:57,01:42,00:04
1313:58,22,16,42,170,77,158,1,3,123:02,1078:34,42,54.1,9.4,3,0,1,1,112:22,70,6,38,1705,17:03,14:00,01:27,01:35
952:29,15,2,23,54,73,73,0,0,00:54,884:31,23,0.0,3.7,0,0,0,0,67:04,81,6,17,1338,13:02,12:07,00:55,00:00
1200:36,28,1,10,71,56,27,0,1,33:43,1025:18,10,0.0,1.4,0,0,0,0,141:35,93,20,29,1501,21:26,18:18,02:31,00:36
1083:46,19,10,13,82,76,94,2,5,95:17,891:01,13,41.14,12.2,4,0,2,2,97:28,64,-12,29,1558,14:15,11:43,01:16,01:15
950:03,13,23,8,161,77,43,3,3,95:23,854:05,8,38.46,14.3,1,0,0,0,00:35,34,8,36,1248,12:20,11:05,00:00,01:14
1936:42,37,9,28,184,75,106,0,10,175:24,1590:04,28,0.0,4.9,4,3,0,3,171:14,133,1,46,2214,25:49,21:12,02:16,02:20
1130:48,23,2,12,64,75,34,1,6,140:22,894:38,12,48.44,3.1,0,0,1,3,95:48,32,-1,25,1497,15:04,11:55,01:16,01:52
1877:46,33,11,18,168,82,67,2,15,201:12,1570:49,18,0.0,6.5,1,0,0,0,105:45,89,-12,44,2250,22:53,19:09,01:17,02:27
09:21,0,0,2,1,1,0,0,0,00:00,08:22,2,0.0,0.0,0,0,0,0,00:59,0,-1,0,17,09:21,08:22,00:59,00:00
336:38,5,0,6,16,25,16,0,0,00:25,335:39,6,0.0,0.0,0,0,0,0,00:34,21,6,5,470,13:27,13:25,00:01,00:01
43:51,0,0,4,3,4,3,0,0,00:05,43:46,4,50.0,0.0,0,0,0,0,00:00,1,0,0,59,10:57,10:56,00:00,00:01
1414:23,16,5,6,99,80,80,0,0,13:20,1387:55,6,0.0,5.1,1,0,0,0,13:08,61,3,21,1846,17:40,17:20,00:09,00:10
1452:40,34,27,64,174,82,115,2,9,188:33,1249:28,64,43.45,15.5,5,1,0,0,14:39,52,16,61,1820,17:42,15:14,00:10,02:17
153:50,0,0,0,18,13,24,0,0,01:15,152:35,0,0.0,0.0,0,0,0,0,00:00,1,-4,0,197,11:50,11:44,00:00,00:05
878:16,21,8,22,89,48,13,2,12,113:29,687:31,22,54.58,9.0,0,0,0,1,77:16,32,-2,29,1086,18:17,14:19,01:36,02:21
1468:09,30,22,34,215,81,41,7,15,227:55,1219:21,34,51.07,10.2,6,0,0,1,20:53,28,-7,52,1695,18:07,15:03,00:15,02:48
2188:45,40,7,41,136,82,78,3,15,251:08,1748:36,41,100.0,5.1,2,0,1,2,189:01,109,-8,47,2222,26:41,21:19,02:18,03:03
1381:27,33,28,26,229,74,49,10,16,214:41,1080:20,26,26.47,12.2,5,0,0,2,86:26,71,-2,61,1665,18:40,14:35,01:10,02:54
1369:39,6,1,41,100,80,144,0,0,03:05,1225:35,41,0.0,1.0,0,0,0,0,140:59,118,-11,7,1675,17:07,15:19,01:45,00:02
1979:52,29,14,20,152,82,91,4,11,199:19,1588:10,20,100.0,9.2,0,0,0,1,192:23,145,-1,43,2170,24:08,19:22,02:20,02:25
981:33,12,7,55,91,82,206,0,1,03:41,830:13,55,46.42,7.7,0,0,0,1,147:39,43,-1,19,1336,11:58,10:07,01:48,00:02
952:52,28,12,24,104,48,57,3,15,143:50,736:19,24,33.33,11.5,1,0,0,0,72:43,43,-8,40,1129,19:51,15:20,01:30,02:59
593:05,6,3,8,55,49,40,0,2,74:36,516:21,8,47.44,5.5,0,0,0,0,02:08,12,-4,9,839,12:06,10:32,00:02,01:31
1684:33,14,4,30,111,82,61,0,1,21:57,1489:43,30,0.0,3.6,2,0,1,1,172:53,135,-15,18,1997,20:32,18:10,02:06,00:16
625:23,7,5,8,75,42,18,4,8,101:15,523:37,8,0.0,6.7,1,0,0,0,00:31,28,-2,12,771,14:53,12:28,00:00,02:24
1132:38,22,19,34,159,72,62,9,21,228:15,903:51,34,45.74,11.9,4,1,0,0,00:32,34,-19,41,1485,15:43,12:33,00:00,03:10
748:02,10,12,21,93,32,60,6,12,86:58,611:39,21,0.0,12.9,1,0,0,0,49:25,43,-5,22,799,23:22,19:06,01:32,02:43
1088:47,14,12,74,145,83,107,0,0,21:49,1032:23,74,25.0,8.3,2,0,0,0,34:35,39,1,26,1476,13:07,12:26,00:25,00:15
1298:02,26,13,36,174,83,42,2,11,184:37,1112:24,36,37.5,7.5,2,0,0,0,01:01,20,-23,39,1650,15:38,13:24,00:00,02:13
767:08,15,10,6,139,56,24,3,8,116:03,650:45,6,39.28,7.2,1,1,0,0,00:20,21,-15,25,977,13:41,11:37,00:00,02:04
1103:55,12,12,29,109,81,57,0,0,53:23,1048:23,29,38.27,11.0,0,0,0,0,02:09,40,-12,24,1448,13:37,12:56,00:01,00:39
783:27,7,7,20,111,58,117,0,0,09:31,694:31,20,45.74,6.3,2,0,0,0,79:25,24,-7,14,1076,13:30,11:58,01:22,00:09
778:23,11,6,27,88,49,67,0,1,62:45,644:38,27,44.0,6.8,1,0,0,0,71:00,34,-9,17,1014,15:53,13:09,01:26,01:16
1298:17,26,15,26,126,82,62,4,7,116:10,1085:36,26,52.49,11.9,5,1,0,2,96:31,29,-12,41,1719,15:49,13:14,01:10,01:25
1698:12,71,20,60,231,82,81,2,33,294:44,1312:02,60,35.22,8.7,3,0,2,3,91:26,53,0,91,1979,20:42,16:00,01:06,03:35
1003:02,15,15,44,95,82,127,4,7,112:52,889:31,44,49.05,15.8,3,0,0,0,00:39,25,-1,30,1350,12:13,10:50,00:00,01:22
18:40,0,0,0,1,2,3,0,0,00:41,17:59,0,83.33,0.0,0,0,0,0,00:00,0,-1,0,27,09:20,08:59,00:00,00:20
139:13,1,0,4,5,9,17,0,0,00:03,123:19,4,0.0,0.0,0,0,0,0,15:51,7,0,1,197,15:28,13:42,01:45,00:00
892:49,6,0,47,40,57,88,0,0,05:14,828:59,47,0.0,0.0,0,0,0,0,58:36,71,4,6,1060,15:39,14:32,01:01,00:05
1199:35,19,22,16,120,78,88,1,4,87:14,1009:01,16,50.95,18.3,3,0,3,3,103:20,35,19,41,1421,15:22,12:56,01:19,01:07
535:34,6,2,10,34,55,100,0,0,01:24,396:37,10,35.0,5.9,1,0,0,1,137:33,48,3,8,757,09:44,07:12,02:30,00:01
429:18,3,0,12,30,36,80,0,0,01:17,423:52,12,0.0,0.0,0,0,0,0,04:09,36,-7,3,563,11:55,11:46,00:06,00:02
1484:53,18,4,32,109,77,121,0,3,36:37,1320:19,32,0.0,3.7,0,0,0,1,127:57,130,-1,22,1972,19:17,17:08,01:39,00:28
1141:47,11,12,33,105,78,223,0,0,08:15,957:05,33,57.61,11.4,3,0,1,3,176:27,49,6,23,1688,14:38,12:16,02:15,00:06
1792:42,46,38,38,199,82,54,12,23,295:08,1404:31,38,46.25,19.1,6,3,0,3,93:03,54,8,84,1969,21:51,17:07,01:08,03:35
744:18,9,3,39,60,48,60,0,1,11:26,703:08,39,0.0,5.0,0,0,0,0,29:44,42,6,12,929,15:30,14:38,00:37,00:14
839:04,14,11,6,82,69,71,0,0,03:49,740:51,6,55.3,13.4,2,0,1,1,94:24,34,20,25,1215,12:09,10:44,01:22,00:03
706:58,6,0,6,42,38,33,0,0,00:44,634:39,6,0.0,0.0,0,0,0,1,71:35,35,9,6,963,18:36,16:42,01:53,00:01
1321:54,25,6,14,95,59,55,3,10,103:24,1052:41,14,0.0,6.3,2,1,1,2,165:49,107,9,31,1439,22:24,17:50,02:48,01:45
977:12,16,21,15,158,62,27,2,7,81:34,895:16,15,50.0,13.3,4,0,0,0,00:22,16,2,37,1190,15:45,14:26,00:00,01:18
1578:43,32,34,18,227,82,9,11,19,285:34,1237:14,18,61.53,15.0,5,0,1,1,55:55,21,-7,66,1749,19:15,15:05,00:40,03:28
750:14,15,9,4,74,77,32,5,7,47:06,702:47,4,43.54,12.2,0,0,0,0,00:21,21,-2,24,1015,09:44,09:07,00:00,00:36
295:21,7,3,4,29,36,28,0,0,01:29,285:01,4,0.0,10.3,1,0,0,0,08:51,12,9,10,427,08:12,07:55,00:14,00:02
417:32,3,1,2,19,30,10,0,0,02:59,413:59,2,0.0,5.3,0,0,0,0,00:34,30,0,4,484,13:55,13:47,00:01,00:05
1413:07,20,30,42,245,82,70,15,23,287:36,1124:20,42,36.66,12.2,3,0,0,0,01:11,44,-24,50,1620,17:13,13:42,00:00,03:30
1545:06,20,6,35,132,73,138,2,13,109:16,1225:53,35,0.0,4.5,1,0,0,1,209:57,98,-16,26,1998,21:09,16:47,02:52,01:29
1073:30,15,5,28,117,53,74,3,8,134:53,935:55,28,0.0,4.3,0,0,0,0,02:42,77,-12,20,1235,20:15,17:39,00:03,02:32
1053:40,8,19,22,128,66,63,0,0,16:37,869:01,22,54.9,14.8,3,0,3,6,168:02,55,6,27,1549,15:57,13:10,02:32,00:15
1430:49,26,23,26,188,82,99,2,10,141:50,1085:24,26,49.34,12.2,2,0,3,3,203:35,67,-5,49,1858,17:26,13:14,02:28,01:43
1582:05,24,3,16,102,76,79,1,7,140:20,1322:48,16,100.0,2.9,0,0,0,2,118:57,154,-7,27,1878,20:49,17:24,01:33,01:50
1615:16,10,0,44,57,82,45,0,0,01:25,1354:26,44,0.0,0.0,0,0,0,2,259:25,187,8,10,2047,19:41,16:31,03:09,00:01
590:01,7,9,8,65,41,28,0,0,03:27,489:54,8,41.66,13.8,1,1,6,9,96:40,15,-2,16,898,14:23,11:56,02:21,00:05
1474:13,55,27,28,215,82,12,12,36,264:57,1209:04,28,44.44,12.6,10,2,0,0,00:12,18,-19,82,1786,17:58,14:44,00:00,03:13
699:44,6,2,12,39,35,50,0,1,14:15,618:32,12,0.0,5.1,2,0,0,0,66:57,43,9,8,909,19:59,17:40,01:54,00:24
1384:06,20,15,14,195,72,50,1,3,195:18,1050:21,14,47.31,7.7,3,1,3,3,138:27,51,-2,35,1845,19:13,14:35,01:55,02:42
1914:47,30,14,52,176,81,162,5,19,288:04,1524:33,52,0.0,8.0,2,0,1,3,102:10,52,-16,44,2231,23:38,18:49,01:15,03:33
649:40,26,11,16,113,33,22,1,12,112:11,536:05,16,44.82,9.7,3,0,0,0,01:24,29,-6,37,727,19:41,16:14,00:02,03:23
1099:16,23,16,14,152,72,69,3,5,94:33,993:02,14,37.86,10.5,3,0,0,0,11:41,41,-4,39,1497,15:16,13:47,00:09,01:18
1341:37,14,6,12,77,71,58,3,7,125:45,1141:48,12,0.0,7.8,0,0,0,0,74:04,139,-3,20,1645,18:53,16:04,01:02,01:46
713:14,18,7,8,62,40,5,5,8,122:31,577:34,8,37.01,11.3,2,1,0,0,13:09,12,-12,25,847,17:49,14:26,00:19,03:03
287:42,5,2,2,25,20,16,1,1,26:38,260:08,2,55.31,8.0,1,0,0,0,00:56,7,-2,7,405,14:23,13:00,00:02,01:19
935:02,7,11,27,116,71,124,0,0,116:53,817:22,27,28.57,9.5,0,0,0,0,00:47,19,-13,18,1332,13:10,11:30,00:00,01:38
1048:45,14,11,67,131,81,288,0,0,06:42,937:16,67,41.37,8.4,1,0,2,2,104:47,44,5,25,1603,12:56,11:34,01:17,00:04
601:08,5,13,12,118,47,33,4,6,112:23,488:44,12,55.55,11.0,2,0,0,0,00:01,17,1,18,810,12:47,10:23,00:00,02:23
1495:17,33,14,24,200,82,16,1,19,288:55,1194:41,24,33.33,7.0,5,0,0,0,11:41,21,-21,47,1905,18:14,14:34,00:08,03:31
563:19,4,0,13,27,41,150,0,0,01:38,551:48,13,0.0,0.0,0,0,0,0,09:53,61,-9,4,768,13:44,13:27,00:14,00:02
447:52,6,12,6,82,31,29,3,4,62:02,385:44,6,44.11,14.6,3,0,0,0,00:06,13,7,18,515,14:26,12:26,00:00,02:00
1470:57,10,2,18,105,74,165,0,0,05:36,1228:19,18,0.0,1.9,1,0,0,0,237:02,152,-3,12,1740,19:52,16:35,03:12,00:04
905:12,29,13,30,103,50,35,1,4,102:05,748:21,30,54.66,12.6,2,0,1,2,54:46,15,14,42,1006,18:06,14:58,01:05,02:02
869:49,11,9,74,95,80,305,3,3,58:17,811:32,74,42.55,9.5,2,0,0,0,00:00,24,1,20,1063,10:52,10:08,00:00,00:43
1122:05,18,22,36,191,66,119,4,8,166:57,938:58,36,39.62,11.5,5,1,0,0,16:10,20,-13,40,1214,17:00,14:13,00:14,02:31
1281:47,14,4,8,78,60,78,0,2,72:34,1095:27,8,0.0,5.1,2,0,0,0,113:46,135,-2,18,1578,21:21,18:15,01:53,01:12
1115:50,12,3,14,77,61,104,0,0,05:24,1004:01,14,0.0,3.9,0,0,0,2,106:25,76,5,15,1395,18:17,16:27,01:44,00:05
1577:46,12,4,52,84,81,200,0,0,04:07,1345:38,52,0.0,4.8,1,0,0,1,228:01,139,11,16,1927,19:28,16:36,02:48,00:03
1352:06,34,19,14,178,74,39,4,14,181:43,1056:18,14,71.42,10.7,1,0,1,4,114:05,33,13,53,1563,18:16,14:16,01:32,02:27
1019:04,12,3,53,72,57,71,0,0,10:25,938:58,53,0.0,4.2,0,0,1,1,69:41,72,16,15,1269,17:52,16:28,01:13,00:10
1531:10,40,33,27,199,77,72,6,20,195:30,1249:45,27,45.16,16.6,4,1,1,1,85:55,71,17,73,1782,19:53,16:13,01:06,02:32
1097:07,20,7,35,144,81,115,1,3,70:20,1025:46,35,46.73,4.9,2,0,0,0,01:01,51,-8,27,1532,13:32,12:39,00:00,00:52
1545:27,32,24,16,169,82,51,7,14,199:40,1220:19,16,47.65,14.2,5,0,1,3,125:28,55,1,56,1737,18:50,14:52,01:31,02:26
1488:01,34,25,52,278,82,98,5,16,220:36,1266:02,52,37.24,9.0,6,1,0,0,01:23,22,2,59,1637,18:08,15:26,00:01,02:41
775:27,6,5,0,36,64,38,0,0,00:52,661:55,0,49.47,13.9,0,0,1,1,112:40,33,-13,11,1005,12:06,10:20,01:45,00:00
1339:00,21,9,8,112,61,37,1,8,111:40,1136:27,8,0.0,8.0,1,0,0,0,90:53,100,22,30,1576,21:57,18:37,01:29,01:49
1588:10,25,12,20,202,79,27,4,9,191:27,1383:22,20,100.0,5.9,1,1,0,1,13:21,91,-4,37,1938,20:06,17:30,00:10,02:25
537:00,1,8,29,85,54,277,0,0,03:25,533:29,29,0.0,9.4,1,0,0,0,00:06,13,-4,9,700,09:56,09:52,00:00,00:03
848:01,9,8,18,116,68,75,0,0,26:58,704:55,18,62.12,6.9,1,0,1,1,116:08,23,-10,17,1055,12:28,10:21,01:42,00:23
1237:47,32,20,8,180,74,92,3,6,184:31,1052:49,8,38.39,11.1,6,1,0,0,00:27,40,13,52,1344,16:43,14:13,00:00,02:29
41:42,0,0,2,1,6,7,0,0,00:00,41:07,2,53.84,0.0,0,0,0,0,00:35,1,0,0,70,06:57,06:51,00:05,00:00
